s,index,qs,originSysTime,qe,convTemp,gearboxTemp,nacelleTemp,genSpeed,genTorque,pitchAngle1,pitchAngle2,pitchAngle3,windDirection,windSpeed,power,yawPosition,winSpeed_PM,power_PM,genSpeed_PM,genTorgue_PM,e
[0,"7/29/2018 11:43:00",45,43.6,30,1212.28,6824.49,1.99,2.02,1.92,-8.6,6.66,870,5.05,6.66,0,0.3,-0.486],
[1,"7/29/2018 11:43:01",45,43.6,30,1218.59,6748.571,1.99,2.02,1.92,-8.6,6.58,860.8,5.05,6.66,0.01,0.348,0.116],
[2,"7/29/2018 11:43:02",45,43.6,30,1185.71,6820.386,1.99,2.02,1.92,-8.2,6.6,851,5.05,6.58,0.03,0.65,0.252],
[3,"7/29/2018 11:43:03",45,43.6,30,1212.28,6836.801,1.99,2.02,1.92,-7.7,6.56,841.9,5.05,6.6,0.07,0.863,0.319],
[4,"7/29/2018 11:43:04",45,43.6,30,1201.92,6664.444,1.99,2.02,1.92,-7,6.51,832.6,5.05,6.56,0.15,0.848,0.348],
[5,"7/29/2018 11:43:05",45,43.6,30,1179.74,6598.785,1.99,2.02,1.92,-6.1,6.45,822.4,5.05,6.51,0.22,0.832,0.357],
[6,"7/29/2018 11:43:06",45,43.6,30,1166.04,6600.837,1.99,2.02,1.92,-5.4,6.47,812.8,5.05,6.45,0.28,0.819,0.355],
[7,"7/29/2018 11:43:07",45,43.6,30,1177.76,6516.71,1.99,2.02,1.92,-4.3,6.38,803.2,5.05,6.47,0.34,0.802,0.36],
[8,"7/29/2018 11:43:08",45,43.6,30,1193.76,6565.955,1.99,2.02,1.92,-3.7,6.27,794,5.05,6.38,0.39,0.795,0.35],
[9,"7/29/2018 11:43:09",45,43.6,30,1191.74,6389.495,1.99,2.02,1.92,-3.2,6.26,785.1,5.05,6.27,0.43,0.78,0.347],
[10,"7/29/2018 11:43:10",45,43.6,30,1222.83,6465.414,1.99,2.02,1.92,-2.6,6.25,776.1,5.05,6.26,0.46,0.768,0.34],
[11,"7/29/2018 11:43:11",45,43.6,30,1185.71,6278.695,1.99,2.02,1.92,-2.6,6.31,767.5,5.05,6.25,0.49,0.76,0.336],
[12,"7/29/2018 11:43:12",45,43.6,30,1147.02,6364.873,1.99,2.02,1.92,-2.2,6.33,759,5.05,6.31,0.52,0.751,0.339],
[13,"7/29/2018 11:43:13",45.1,43.6,30,1152.66,6317.68,1.99,2.02,1.92,-1.9,6.43,750.4,5.05,6.33,0.54,0.745,0.343],
[14,"7/29/2018 11:43:14",45.1,43.6,30,1145.15,6325.888,1.99,2.02,1.92,-1.6,6.39,742.3,5.05,6.43,0.56,0.74,0.349],
[15,"7/29/2018 11:43:15",45.1,43.6,30,1208.12,6254.072,1.99,2.02,1.92,-1.5,6.24,734.8,5.05,6.39,0.58,0.737,0.352],
[16,"7/29/2018 11:43:16",45.1,43.6,30,1167.98,6128.909,1.99,2.02,1.92,-1.5,6.16,727.5,5.05,6.24,0.6,0.732,0.346],
[17,"7/29/2018 11:43:17",45.1,43.6,30,1183.71,6106.338,1.99,2.02,1.92,-1.4,6.08,719.6,5.05,6.16,0.61,0.725,0.338],
[18,"7/29/2018 11:43:18",45.1,43.6,30,1154.56,6022.212,1.99,2.02,1.92,-1.8,6.07,711.5,5.05,6.08,0.62,0.719,0.328],
[19,"7/29/2018 11:43:19",45.1,43.6,30,1126.8,5983.227,1.99,2.02,1.92,-1.8,6.07,703.4,5.05,6.07,0.63,0.712,0.323],
[20,"7/29/2018 11:43:20",45.1,43.6,30,1179.74,6020.16,1.99,2.02,1.92,-2.5,5.95,695,5.05,6.07,0.63,0.707,0.319],
[21,"7/29/2018 11:43:21",45.1,43.6,30,1177.76,5849.855,1.99,2.02,1.92,-2.5,6.04,686.6,5.05,5.95,0.64,0.702,0.314],
[22,"7/29/2018 11:43:22",45.1,43.6,30,1134.07,5905.256,1.99,2.02,1.92,-2.2,5.99,678.1,5.05,6.04,0.64,0.695,0.314],
[23,"7/29/2018 11:43:23",45.1,43.6,30,1137.74,5677.5,1.99,2.02,1.92,-2.2,5.99,669.6,5.05,5.99,0.64,0.693,0.312],
[24,"7/29/2018 11:43:24",45.1,43.6,30,1156.46,5751.366,1.99,2.02,1.92,-1.1,5.91,659.8,5.05,5.99,0.64,0.689,0.309],
[25,"7/29/2018 11:43:25",45.1,43.6,30,1090.12,5654.929,1.99,2.02,1.92,-0.8,5.98,650.6,5.05,5.91,0.64,0.684,0.308],
[26,"7/29/2018 11:43:26",45,43.6,29.9,1128.61,5603.632,1.99,2.02,1.92,-0.9,5.95,640.8,5.05,5.98,0.63,0.68,0.308],
[27,"7/29/2018 11:43:27",45.1,43.6,29.9,1145.15,5568.751,1.99,2.02,1.92,-0.8,5.89,631.4,5.05,5.95,0.63,0.677,0.308],
[28,"7/29/2018 11:43:28",45,43.6,29.9,1126.8,5548.232,1.99,2.02,1.92,-0.8,5.89,622.7,5.05,5.89,0.63,0.675,0.304],
[29,"7/29/2018 11:43:29",45,43.6,29.9,1107.28,5517.454,1.99,2.02,1.92,-1.4,5.62,614,5.05,5.89,0.63,0.672,0.301],
[30,"7/29/2018 11:43:30",45,43.6,29.9,1123.2,5496.936,1.99,2.02,1.92,-1.4,5.64,605.9,5.05,5.62,0.62,0.667,0.291],
[31,"7/29/2018 11:43:31",45,43.6,29.9,1073.47,5462.054,1.99,2.02,1.92,-1.5,5.53,598.1,5.05,5.64,0.62,0.662,0.28],
[32,"7/29/2018 11:43:32",45,43.6,29.9,1070.21,5441.535,1.99,2.02,1.92,-1.3,5.44,591,5.05,5.53,0.61,0.656,0.272],
[33,"7/29/2018 11:43:33",45,43.6,29.9,1090.12,5349.202,1.99,2.02,1.92,-1.6,5.44,584.2,5.05,5.44,0.6,0.65,0.264],
[34,"7/29/2018 11:43:34",45,43.6,29.9,1125,5392.291,1.99,2.02,1.92,-2,5.39,578.5,5.05,5.44,0.59,0.645,0.258],
[35,"7/29/2018 11:43:35",45,43.6,29.9,1068.58,5400.498,1.99,2.02,1.92,-2.3,5.34,573,5.05,5.39,0.58,0.64,0.255],
[36,"7/29/2018 11:43:36",45,43.6,29.9,1103.81,5369.72,1.99,2.02,1.92,-2.6,5.37,568.2,5.05,5.34,0.57,0.635,0.25],
[37,"7/29/2018 11:43:37",45,43.6,29.9,1052.58,5330.735,1.99,2.02,1.92,-3,5.48,563.5,5.05,5.37,0.56,0.63,0.249],
[38,"7/29/2018 11:43:38",45,43.6,29.9,1098.63,5361.513,1.99,2.02,1.92,-3.2,5.65,559.2,5.05,5.48,0.55,0.628,0.253],
[39,"7/29/2018 11:43:39",45,43.6,29.9,1065.34,5279.438,1.99,2.02,1.92,-3.1,5.8,555,5.05,5.65,0.55,0.627,0.263],
[40,"7/29/2018 11:43:40",45,43.6,29.9,1054.16,5174.793,1.99,2.02,1.92,-3.5,5.84,551.2,5.05,5.8,0.54,0.629,0.276],
[41,"7/29/2018 11:43:41",45,43.6,29.9,1088.43,5283.542,1.99,2.02,1.92,-3.4,5.88,547.4,5.05,5.84,0.54,0.632,0.286],
[42,"7/29/2018 11:43:42",45,43.6,29.9,1047.88,5178.897,1.99,2.02,1.92,-3.5,5.94,544.3,5.05,5.88,0.54,0.634,0.292],
[43,"7/29/2018 11:43:43",45,43.6,29.9,1051.01,5254.816,1.99,2.02,1.92,-3.4,6.1,541.4,5.05,5.94,0.54,0.637,0.297],
[44,"7/29/2018 11:43:44",45,43.6,29.9,1043.21,5215.831,1.99,2.02,1.92,-3.6,6.09,538.8,5.05,6.1,0.54,0.639,0.307],
[45,"7/29/2018 11:43:45",45,43.6,29.9,1044.76,5256.868,1.99,2.02,1.92,-3.6,6.09,536.4,5.05,6.09,0.54,0.644,0.314],
[46,"7/29/2018 11:43:46",45,43.6,29.9,1062.12,5224.038,1.99,2.02,1.92,-3.4,6.15,534.2,5.05,6.09,0.55,0.647,0.317],
[47,"7/29/2018 11:43:47",45,43.6,29.9,1110.78,5254.816,1.99,2.02,1.92,-3.5,6.1,532.6,5.05,6.15,0.55,0.65,0.32],
[48,"7/29/2018 11:43:48",45,43.6,29.9,1065.34,5228.142,1.99,2.02,1.92,-3.1,6.07,531.4,5.05,6.1,0.56,0.653,0.321],
[49,"7/29/2018 11:43:49",45,43.6,29.9,1107.28,5189.156,1.99,2.02,1.92,-3.1,6.07,530.7,5.05,6.07,0.56,0.654,0.32],
[50,"7/29/2018 11:43:50",45,43.6,29.9,1085.07,5254.816,1.99,2.02,1.92,-2.9,6.05,530.2,5.05,6.07,0.57,0.656,0.318],
[51,"7/29/2018 11:43:51",45,43.6,29.9,1049.44,5263.023,1.99,2.02,1.92,-3,6.02,530.7,5.05,6.05,0.57,0.657,0.317],
[52,"7/29/2018 11:43:52",45,43.6,29.9,1071.84,5330.735,1.99,2.02,1.92,-3,6.02,531,5.05,6.02,0.58,0.658,0.315],
[53,"7/29/2018 11:43:53",45,43.6,29.9,1088.43,5283.542,1.99,2.02,1.92,-2.7,6.05,531.9,5.05,6.02,0.58,0.658,0.314],
[54,"7/29/2018 11:43:54",45,43.6,29.9,1109.03,5254.816,1.99,2.02,1.92,-3,6.2,532.9,5.05,6.05,0.58,0.659,0.314],
[55,"7/29/2018 11:43:55",45,43.6,29.9,1063.73,5285.594,1.99,2.02,1.92,-2.8,6.25,533.8,5.05,6.2,0.58,0.661,0.321],
[56,"7/29/2018 11:43:56",45,43.6,29.9,1086.75,5379.979,1.99,2.02,1.92,-2.7,6.22,535.8,5.05,6.25,0.59,0.664,0.328],
[57,"7/29/2018 11:43:57",45,43.6,29.9,1054.16,5291.75,1.99,2.02,1.92,-2.4,6.22,537.6,5.05,6.22,0.59,0.667,0.332],
[58,"7/29/2018 11:43:58",45,43.6,29.9,1080.07,5367.668,1.99,2.02,1.92,-2.2,6.14,539.5,5.05,6.22,0.6,0.669,0.333],
[59,"7/29/2018 11:43:59",45,43.6,29.9,1078.41,5394.343,1.99,2.02,1.92,-2.2,6.15,541.3,5.05,6.14,0.6,0.67,0.33],
[60,"7/29/2018 11:44:00",45,43.5,29.9,1116.07,5472.313,1.99,2.02,1.92,-2.2,6.23,543.7,5.05,6.15,0.61,0.67,0.327],
[61,"7/29/2018 11:44:01",45,43.5,29.9,1132.25,5340.994,1.99,2.02,1.92,-2.2,6.4,546.2,5.05,6.23,0.61,0.672,0.329],
[62,"7/29/2018 11:44:02",44.9,43.5,29.9,1081.73,5423.069,1.99,2.02,1.92,-2.2,6.36,548.4,5.05,6.4,0.61,0.674,0.338],
[63,"7/29/2018 11:44:03",44.9,43.5,29.9,1066.96,5464.106,1.99,2.02,1.92,-2.2,6.29,550.7,5.05,6.36,0.62,0.678,0.345],
[64,"7/29/2018 11:44:04",44.9,43.5,29.9,1116.07,5488.728,1.99,2.02,1.92,-2.4,6.19,553.2,5.05,6.29,0.63,0.68,0.344],
[65,"7/29/2018 11:44:05",44.9,43.5,29.9,1091.81,5503.091,1.99,2.02,1.92,-2.5,6.1,556.4,5.05,6.19,0.63,0.681,0.338],
[66,"7/29/2018 11:44:06",44.9,43.5,29.9,1096.92,5523.61,1.99,2.02,1.92,-2.9,6.09,559,5.05,6.1,0.64,0.68,0.33],
[67,"7/29/2018 11:44:07",44.9,43.5,29.9,1130.43,5546.18,1.99,2.02,1.92,-3,6.1,561.8,5.05,6.09,0.64,0.678,0.324],
[68,"7/29/2018 11:44:08",44.9,43.5,29.9,1076.76,5548.232,1.99,2.02,1.92,-3.1,6.16,565.2,5.05,6.1,0.64,0.677,0.322],
[69,"7/29/2018 11:44:09",44.9,43.5,29.9,1110.78,5552.336,1.99,2.02,1.92,-3.2,6.16,568.5,5.05,6.16,0.64,0.677,0.324],
[70,"7/29/2018 11:44:10",44.9,43.5,29.9,1110.78,5525.662,1.99,2.02,1.92,-3.2,6.2,570.9,5.05,6.16,0.64,0.678,0.325],
[71,"7/29/2018 11:44:11",44.9,43.5,29.9,1121.41,5537.973,1.99,2.02,1.92,-3.2,6.23,573.1,5.05,6.2,0.64,0.678,0.328],
[72,"7/29/2018 11:44:12",44.9,43.5,29.9,1107.28,5601.581,1.99,2.02,1.92,-3.2,6.35,575.8,5.05,6.23,0.64,0.679,0.331],
[73,"7/29/2018 11:44:13",44.9,43.5,29.9,1126.8,5634.41,1.99,2.02,1.92,-3.2,6.35,578.1,5.05,6.35,0.64,0.68,0.338],
[74,"7/29/2018 11:44:14",44.9,43.5,29.9,1080.07,5595.425,1.99,2.02,1.92,-3.2,6.42,580.9,5.05,6.35,0.65,0.683,0.343],
[75,"7/29/2018 11:44:15",44.9,43.5,29.9,1112.54,5570.803,1.99,2.02,1.92,-3.2,6.52,582.8,5.05,6.42,0.65,0.685,0.349],
[76,"7/29/2018 11:44:16",44.9,43.5,29.9,1098.63,5548.232,1.99,2.02,1.92,-3.3,6.68,584.3,5.05,6.52,0.66,0.69,0.353],
[77,"7/29/2018 11:44:17",44.9,43.5,29.9,1117.85,5540.025,1.99,2.02,1.92,-3.3,6.73,585.7,5.05,6.68,0.66,0.693,0.367],
[78,"7/29/2018 11:44:18",44.9,43.5,29.9,1102.08,5624.151,1.99,2.02,1.92,-3.4,6.71,586.2,5.05,6.73,0.67,0.696,0.383],
[79,"7/29/2018 11:44:19",44.9,43.5,29.9,1091.81,5533.869,1.99,2.02,1.92,-3.4,6.71,587.1,5.05,6.71,0.68,0.702,0.387],
[80,"7/29/2018 11:44:20",44.9,43.5,29.9,1083.4,5552.336,1.99,2.02,1.92,-4,6.24,587.9,5.05,6.71,0.69,0.708,0.384],
[81,"7/29/2018 11:44:21",44.9,43.5,29.9,1085.07,5540.025,1.99,2.02,1.92,-3.9,6.09,588.5,5.05,6.24,0.7,0.71,0.363],
[82,"7/29/2018 11:44:22",44.9,43.5,29.9,1105.54,5644.669,1.99,2.02,1.92,-3.9,6.09,589.2,5.05,6.09,0.7,0.703,0.339],
[83,"7/29/2018 11:44:23",44.9,43.5,29.9,1090.12,5550.284,1.99,2.02,1.92,-3.5,6.19,590,5.05,6.09,0.7,0.695,0.33],
[84,"7/29/2018 11:44:24",44.8,43.5,29.9,1103.81,5693.914,1.99,2.02,1.92,-3.5,6.19,590.3,5.05,6.19,0.7,0.692,0.33],
[85,"7/29/2018 11:44:25",44.8,43.5,29.9,1090.12,5689.811,1.99,2.02,1.92,-3.4,6.29,591.6,5.05,6.19,0.69,0.692,0.329],
[86,"7/29/2018 11:44:26",44.8,43.5,29.9,1091.81,5634.41,1.99,2.02,1.92,-3.1,6.22,592.9,5.05,6.29,0.69,0.693,0.331],
[87,"7/29/2018 11:44:27",44.8,43.4,29.9,1125,5691.862,1.99,2.02,1.92,-3.1,6.16,593.9,5.05,6.22,0.69,0.691,0.336],
[88,"7/29/2018 11:44:28",44.8,43.5,29.9,1128.61,5708.277,1.99,2.02,1.92,-3.2,6.16,595.8,5.05,6.16,0.69,0.688,0.336],
[89,"7/29/2018 11:44:29",44.8,43.5,29.9,1123.2,5747.263,1.99,2.02,1.92,-3.2,6.16,597.6,5.05,6.16,0.69,0.687,0.333],
[90,"7/29/2018 11:44:30",44.8,43.5,29.9,1126.8,5683.655,1.99,2.02,1.92,-2.2,6.61,599.8,5.05,6.16,0.69,0.687,0.329],
[91,"7/29/2018 11:44:31",44.8,43.5,29.9,1119.63,5667.24,1.99,2.02,1.92,-2.4,6.6,601.8,5.05,6.61,0.68,0.69,0.342],
[92,"7/29/2018 11:44:32",44.8,43.5,29.9,1096.92,5724.692,1.99,2.02,1.92,-2.4,6.6,603.7,5.05,6.6,0.69,0.695,0.36],
[93,"7/29/2018 11:44:33",44.8,43.5,29.9,1135.9,5661.084,1.99,2.02,1.92,-2.6,6.44,605.7,5.05,6.6,0.69,0.697,0.37],
[94,"7/29/2018 11:44:34",44.8,43.5,29.9,1102.08,5730.848,1.99,2.02,1.92,-2.3,6.15,607.4,5.05,6.44,0.7,0.697,0.371],
[95,"7/29/2018 11:44:35",44.8,43.5,29.9,1112.54,5837.544,1.99,2.02,1.92,-2.3,6.15,609.4,5.05,6.15,0.7,0.696,0.354],
[96,"7/29/2018 11:44:36",44.8,43.5,29.9,1126.8,5792.404,1.99,2.02,1.92,-2.5,6.14,611.7,5.05,6.15,0.7,0.695,0.335],
[97,"7/29/2018 11:44:37",44.8,43.5,29.9,1128.61,5765.729,1.99,2.02,1.92,-2.9,6.16,614.3,5.05,6.14,0.7,0.693,0.326],
[98,"7/29/2018 11:44:38",44.8,43.5,29.9,1114.3,5704.173,1.99,2.02,1.92,-2.9,6.16,615.7,5.05,6.16,0.69,0.689,0.327],
[99,"7/29/2018 11:44:39",44.8,43.5,29.9,1117.85,5796.507,1.99,2.02,1.92,-3.1,6.23,616.9,5.05,6.16,0.69,0.686,0.331],
[100,"7/29/2018 11:44:40",44.8,43.5,29.9,1134.07,5829.337,1.99,2.02,1.92,-3.5,6.33,618.5,5.05,6.23,0.69,0.686,0.334],
[101,"7/29/2018 11:44:41",44.8,43.5,29.9,1143.29,5927.827,1.99,2.02,1.92,-3.6,6.39,621,5.05,6.33,0.69,0.688,0.337],
[102,"7/29/2018 11:44:42",44.8,43.5,29.9,1175.79,5864.219,1.99,2.02,1.92,-3.6,6.39,623.5,5.05,6.39,0.69,0.691,0.342],
[103,"7/29/2018 11:44:43",44.8,43.5,29.9,1156.46,5872.426,1.99,2.02,1.92,-3.7,6.47,626.1,5.05,6.39,0.69,0.692,0.346],
[104,"7/29/2018 11:44:44",44.8,43.5,29.9,1167.98,5940.138,1.99,2.02,1.92,-3.7,6.47,628.8,5.05,6.47,0.69,0.692,0.355],
[105,"7/29/2018 11:44:45",44.8,43.5,29.9,1145.15,5899.101,1.99,2.02,1.92,-3.8,6.58,631.1,5.05,6.47,0.69,0.693,0.362],
[106,"7/29/2018 11:44:46",44.8,43.5,29.9,1128.61,5878.582,1.99,2.02,1.92,-4.1,6.61,633.8,5.05,6.58,0.7,0.697,0.365],
[107,"7/29/2018 11:44:47",44.8,43.4,29.9,1125,6046.834,1.99,2.02,1.92,-4.6,6.67,636.6,5.05,6.61,0.7,0.703,0.367],
[108,"7/29/2018 11:44:48",44.8,43.4,29.9,1121.41,6024.264,1.99,2.02,1.92,-5,6.81,640.7,5.05,6.67,0.71,0.706,0.372],
[109,"7/29/2018 11:44:49",44.8,43.4,29.9,1128.61,6040.679,1.99,2.02,1.92,-4.8,6.91,644.8,5.05,6.81,0.71,0.708,0.383],
[110,"7/29/2018 11:44:50",44.8,43.4,29.9,1162.19,6069.405,1.99,2.02,1.92,-4.8,6.91,648.9,5.05,6.91,0.72,0.711,0.4],
[111,"7/29/2018 11:44:51",44.8,43.4,29.9,1130.43,6112.494,1.99,2.02,1.92,-4.9,7,652.6,5.05,6.91,0.73,0.715,0.412],
[112,"7/29/2018 11:44:52",44.8,43.4,29.9,1143.29,6100.183,1.99,2.02,1.92,-5.4,7.15,657,5.05,7,0.74,0.722,0.415],
[113,"7/29/2018 11:44:53",44.8,43.5,29.9,1143.29,6157.635,1.99,2.02,1.92,-5.8,7.05,661.1,5.05,7.15,0.75,0.732,0.42],
[114,"7/29/2018 11:44:54",44.8,43.5,29.9,1134.07,6190.465,1.99,2.02,1.92,-6.2,6.93,665.7,5.05,7.05,0.77,0.74,0.419],
[115,"7/29/2018 11:44:55",44.8,43.4,29.9,1152.66,6241.761,1.99,2.02,1.92,-6.7,6.92,670.5,5.05,6.93,0.78,0.742,0.415],
[116,"7/29/2018 11:44:56",44.8,43.4,29.9,1177.76,6174.05,1.99,2.02,1.92,-7,6.93,675,5.05,6.92,0.79,0.739,0.418],
[117,"7/29/2018 11:44:57",44.8,43.5,29.9,1164.11,6231.502,1.99,2.02,1.92,-7.5,6.9,679.4,5.05,6.93,0.8,0.738,0.421],
[118,"7/29/2018 11:44:58",44.8,43.5,29.9,1147.02,6332.043,1.99,2.02,1.92,-7.5,6.9,683.4,5.05,6.9,0.81,0.743,0.415],
[119,"7/29/2018 11:44:59",44.8,43.5,29.9,1203.98,6180.206,1.99,2.02,1.92,-8.2,6.77,687.8,5.05,6.9,0.82,0.749,0.405],
[120,"7/29/2018 11:45:00",44.8,43.5,29.9,1208.12,6368.977,1.99,2.02,1.92,-8.400001,6.67,692.1,5.05,6.77,0.82,0.749,0.399],
[121,"7/29/2018 11:45:01",44.8,43.5,29.9,1173.83,6305.369,1.99,2.02,1.92,-7.9,6.65,696.8,5.05,6.67,0.83,0.742,0.397],
[122,"7/29/2018 11:45:02",44.8,43.5,29.9,1139.59,6334.095,1.99,2.02,1.92,-7.9,6.65,700.5,5.05,6.65,0.83,0.738,0.394],
[123,"7/29/2018 11:45:03",44.8,43.5,29.9,1199.87,6381.288,1.99,2.02,1.92,-7.5,6.62,703.9,5.05,6.65,0.83,0.738,0.389],
[124,"7/29/2018 11:45:04",44.7,43.5,29.9,1214.38,6352.562,1.99,2.02,1.92,-7.5,6.62,708.2,5.05,6.62,0.83,0.741,0.378],
[125,"7/29/2018 11:45:05",44.7,43.5,29.9,1171.87,6334.095,1.99,2.02,1.92,-7.4,6.74,710.9,5.05,6.62,0.83,0.74,0.372],
[126,"7/29/2018 11:45:06",44.7,43.5,29.9,1162.19,6321.784,1.99,2.02,1.92,-7.3,6.69,713.2,5.05,6.74,0.83,0.736,0.381],
[127,"7/29/2018 11:45:07",44.7,43.4,29.9,1156.46,6358.717,1.99,2.02,1.92,-6.9,6.69,715.9,5.05,6.69,0.83,0.733,0.391],
[128,"7/29/2018 11:45:08",44.7,43.4,29.9,1167.98,6364.873,1.99,2.02,1.92,-6.7,6.72,718.3,5.05,6.69,0.83,0.732,0.394],
[129,"7/29/2018 11:45:09",44.7,43.4,29.9,1227.09,6315.628,1.99,2.02,1.92,-6.8,6.87,720.3,5.05,6.72,0.83,0.735,0.39],
[130,"7/29/2018 11:45:10",44.7,43.4,29.9,1162.19,6338.199,1.99,2.02,1.92,-6.5,6.83,721.8,5.05,6.87,0.83,0.74,0.39],
[131,"7/29/2018 11:45:11",44.7,43.4,29.9,1214.38,6410.014,1.99,2.02,1.92,-6.5,6.83,723.2,5.05,6.83,0.83,0.742,0.393],
[132,"7/29/2018 11:45:12",44.7,43.4,29.9,1189.72,6453.103,1.99,2.02,1.92,-6.5,6.74,725,5.05,6.83,0.83,0.74,0.4],
[133,"7/29/2018 11:45:13",44.7,43.4,29.9,1183.71,6362.821,1.99,2.02,1.92,-6.4,6.73,726.7,5.05,6.74,0.83,0.736,0.404],
[134,"7/29/2018 11:45:14",44.7,43.4,29.9,1222.83,6475.673,1.99,2.02,1.92,-6.3,6.72,727.5,5.05,6.73,0.84,0.737,0.4],
[135,"7/29/2018 11:45:15",44.7,43.4,29.9,1160.27,6471.57,1.99,2.02,1.92,-5.9,6.68,729.1,5.05,6.72,0.84,0.74,0.391],
[136,"7/29/2018 11:45:16",44.7,43.4,29.9,1164.11,6407.962,1.99,2.02,1.92,-5.9,6.63,730.2,5.05,6.68,0.84,0.742,0.381],
[137,"7/29/2018 11:45:17",44.7,43.4,29.9,1195.79,6354.613,1.99,2.02,1.92,-5.8,6.56,731.1,5.05,6.63,0.84,0.739,0.38],
[138,"7/29/2018 11:45:18",44.7,43.4,29.9,1162.19,6545.437,1.99,2.02,1.92,-5.6,6.56,732.3,5.05,6.56,0.83,0.733,0.381],
[139,"7/29/2018 11:45:19",44.7,43.4,29.9,1162.19,6368.977,1.99,2.02,1.92,-5.5,6.63,733.8,5.05,6.56,0.83,0.729,0.381],
[140,"7/29/2018 11:45:20",44.7,43.4,29.9,1187.71,6416.169,1.99,2.02,1.92,-5.5,6.63,734.5,5.05,6.63,0.83,0.729,0.38],
[141,"7/29/2018 11:45:21",44.7,43.4,29.9,1227.09,6350.51,1.99,2.02,1.92,-5.1,6.73,735.1,5.05,6.63,0.83,0.732,0.377],
[142,"7/29/2018 11:45:22",44.7,43.4,29.9,1160.27,6455.155,1.99,2.02,1.92,-4.8,6.68,734.7,5.05,6.73,0.82,0.735,0.376],
[143,"7/29/2018 11:45:23",44.7,43.4,29.9,1197.83,6459.258,1.99,2.02,1.92,-4.5,6.75,734.7,5.05,6.68,0.82,0.734,0.38],
[144,"7/29/2018 11:45:24",44.7,43.4,29.9,1195.79,6477.725,1.99,2.02,1.92,-4.5,6.75,734.4,5.05,6.75,0.82,0.73,0.39],
[145,"7/29/2018 11:45:25",44.7,43.4,29.9,1231.39,6455.155,1.99,2.02,1.92,-4.3,6.72,734.2,5.05,6.75,0.82,0.729,0.397],
[146,"7/29/2018 11:45:26",44.7,43.4,29.9,1158.36,6471.57,1.99,2.02,1.92,-3.5,6.7,734.8,5.05,6.72,0.82,0.731,0.397],
[147,"7/29/2018 11:45:27",44.7,43.4,29.9,1171.87,6451.051,1.99,2.02,1.92,-3.2,6.79,735.2,5.05,6.7,0.82,0.735,0.388],
[148,"7/29/2018 11:45:28",44.7,43.4,29.9,1195.79,6391.547,1.99,2.02,1.92,-3.2,6.79,735.5,5.05,6.79,0.82,0.738,0.385],
[149,"7/29/2018 11:45:29",44.7,43.4,29.9,1162.19,6508.503,1.99,2.02,1.92,-3,6.6,736,5.05,6.79,0.83,0.737,0.39],
[150,"7/29/2018 11:45:30",44.7,43.4,29.9,1167.98,6506.451,1.99,2.02,1.92,-3,6.6,737.3,5.05,6.6,0.83,0.733,0.391],
[151,"7/29/2018 11:45:31",44.7,43.4,29.9,1206.05,6596.733,1.99,2.02,1.92,-3.3,6.54,739,5.05,6.6,0.83,0.729,0.388],
[152,"7/29/2018 11:45:32",44.7,43.4,29.9,1201.92,6611.096,1.99,2.02,1.92,-3,6.6,742.1,5.05,6.54,0.82,0.729,0.38],
[153,"7/29/2018 11:45:33",44.7,43.4,29.9,1199.87,6526.97,1.99,2.02,1.92,-2.9,6.67,744.6,5.05,6.6,0.82,0.732,0.371],
[154,"7/29/2018 11:45:34",44.7,43.4,29.9,1199.87,6641.874,1.99,2.02,1.92,-2.8,6.68,748.1,5.05,6.67,0.82,0.733,0.371],
[155,"7/29/2018 11:45:35",44.8,43.4,29.9,1177.76,6645.978,1.99,2.02,1.92,-3,6.6,751.8,5.05,6.68,0.82,0.731,0.378],
[156,"7/29/2018 11:45:36",44.7,43.4,29.9,1210.2,6662.393,1.99,2.02,1.92,-2.7,6.64,755.9,5.05,6.6,0.82,0.726,0.384],
[157,"7/29/2018 11:45:37",44.7,43.4,30,1177.76,6641.874,1.99,2.02,1.92,-2.5,6.71,760,5.05,6.64,0.82,0.725,0.386],
[158,"7/29/2018 11:45:38",44.7,43.4,30,1224.96,6684.963,1.99,2.02,1.92,-2.4,6.71,763.8,5.05,6.71,0.81,0.727,0.388],
[159,"7/29/2018 11:45:39",44.7,43.4,30,1181.72,6676.756,1.99,2.02,1.92,-2.4,6.77,768.3,5.05,6.71,0.81,0.731,0.385],
[160,"7/29/2018 11:45:40",44.7,43.4,30,1248.89,6793.712,1.99,2.02,1.92,-2.4,6.77,773,5.05,6.77,0.81,0.734,0.383],
[161,"7/29/2018 11:45:41",44.7,43.4,30,1218.59,6814.23,1.99,2.02,1.92,-2.7,6.86,778,5.05,6.77,0.82,0.735,0.387],
[162,"7/29/2018 11:45:42",44.7,43.4,30,1208.12,6732.156,1.99,2.02,1.92,-2.7,6.86,782.1,5.05,6.86,0.82,0.733,0.398],
[163,"7/29/2018 11:45:43",44.7,43.4,30,1248.89,6877.838,1.99,2.02,1.92,-2.8,6.97,786.8,5.05,6.86,0.82,0.732,0.408],
[164,"7/29/2018 11:45:44",44.7,43.4,30,1222.83,6910.668,1.99,2.02,1.92,-2.9,7.11,791.8,5.05,6.97,0.82,0.736,0.415],
[165,"7/29/2018 11:45:45",44.7,43.4,30,1220.7,6840.905,1.99,2.02,1.92,-3.2,7.16,796.4,5.05,7.11,0.83,0.745,0.418],
[166,"7/29/2018 11:45:46",44.7,43.4,30,1244.47,6941.446,1.99,2.02,1.92,-3.2,7.16,800.8,5.05,7.16,0.84,0.753,0.422],
[167,"7/29/2018 11:45:47",44.8,43.4,30,1283.07,6937.342,1.99,2.02,1.92,-2.8,7.1,805.9,5.05,7.16,0.85,0.754,0.432],
[168,"7/29/2018 11:45:48",44.8,43.4,30,1212.28,7017.365,1.99,2.02,1.92,-2.8,7.21,811.4,5.05,7.1,0.86,0.752,0.443],
[169,"7/29/2018 11:45:49",44.8,43.4,30,1248.89,6906.564,1.99,2.02,1.92,-2.8,7.21,815.9,5.05,7.21,0.87,0.758,0.444],
[170,"7/29/2018 11:45:50",44.8,43.4,30,1240.08,6976.328,1.99,2.02,1.92,-2.6,7.31,820.4,5.05,7.21,0.88,0.768,0.437],
[171,"7/29/2018 11:45:51",44.8,43.4,30,1244.47,7035.832,1.99,2.02,1.92,-2.5,7.39,823.8,5.05,7.31,0.89,0.77,0.443],
[172,"7/29/2018 11:45:52",44.8,43.4,30,1269.18,7023.52,1.99,2.02,1.92,-2.9,7.38,827.8,5.05,7.39,0.9,0.769,0.465],
[173,"7/29/2018 11:45:53",44.8,43.4,30,1262.34,6990.69,1.99,2.02,1.92,-3.1,7.31,831.9,5.05,7.38,0.91,0.776,0.47],
[174,"7/29/2018 11:45:54",44.8,43.4,30,1248.89,7015.313,1.99,2.02,1.92,-3.5,7.2,834.6,5.05,7.31,0.92,0.786,0.457],
[175,"7/29/2018 11:45:55",44.8,43.4,30,1208.12,7056.35,1.99,2.02,1.92,-3.7,7.28,837,5.05,7.2,0.93,0.786,0.449],
[176,"7/29/2018 11:45:56",44.8,43.4,30,1246.68,7062.505,1.99,2.02,1.92,-3.9,7.33,839.4,5.05,7.28,0.94,0.781,0.459],
[177,"7/29/2018 11:45:57",44.8,43.4,30,1218.59,7105.595,1.99,2.02,1.92,-3.9,7.36,841.5,5.05,7.33,0.95,0.785,0.463],
[178,"7/29/2018 11:45:58",44.8,43.4,30,1237.9,7072.765,1.99,2.02,1.92,-3.9,7.3,843.4,5.05,7.36,0.96,0.794,0.456],
[179,"7/29/2018 11:45:59",44.8,43.4,30,1255.58,7132.269,1.99,2.02,1.92,-4.1,7.21,846,5.05,7.3,0.97,0.794,0.456],
[180,"7/29/2018 11:46:00",44.8,43.4,30,1276.09,7048.143,1.99,2.02,1.92,-4.1,7.21,848.1,5.05,7.21,0.98,0.788,0.463],
[181,"7/29/2018 11:46:01",44.8,43.4,30,1260.08,7091.231,1.99,2.02,1.92,-3.7,7.24,849.9,5.05,7.21,0.98,0.791,0.456],
[182,"7/29/2018 11:46:02",44.8,43.4,30,1240.08,7179.461,1.99,2.02,1.92,-3.5,7.22,852,5.05,7.24,0.99,0.797,0.443],
[183,"7/29/2018 11:46:03",44.8,43.4,30,1269.18,7189.721,1.99,2.02,1.92,-3.8,7.25,854.3,5.05,7.22,0.99,0.794,0.448],
[184,"7/29/2018 11:46:04",44.8,43.4,30,1216.48,7095.335,1.99,2.02,1.92,-3.9,7.29,856.6,5.05,7.25,1,0.789,0.46],
[185,"7/29/2018 11:46:05",44.8,43.4,30,1262.34,7136.373,1.99,2.02,1.92,-3.7,7.32,859.8,5.05,7.29,1,0.796,0.454],
[186,"7/29/2018 11:46:06",44.8,43.4,30,1253.34,7187.669,1.99,2.02,1.92,-3.7,7.39,863,5.05,7.32,1.01,0.8,0.45],
[187,"7/29/2018 11:46:07",44.8,43.4,30,1255.58,7113.802,1.99,2.02,1.92,-3.7,7.38,865.6,5.05,7.39,1.01,0.796,0.466],
[188,"7/29/2018 11:46:08",44.8,43.4,30,1278.41,7226.654,1.99,2.02,1.92,-3.7,7.38,867.5,5.05,7.38,1.02,0.796,0.476],
[189,"7/29/2018 11:46:09",44.8,43.5,30,1264.61,7128.165,1.99,2.02,1.92,-3.9,7.34,869,5.05,7.38,1.02,0.805,0.465],
[190,"7/29/2018 11:46:10",44.8,43.5,30,1266.89,7177.41,1.99,2.02,1.92,-3.9,7.34,870.4,5.05,7.34,1.03,0.807,0.46],
[191,"7/29/2018 11:46:11",44.8,43.5,30,1227.09,7284.106,1.99,2.02,1.92,-4.2,7.27,873.2,5.05,7.34,1.03,0.8,0.47],
[192,"7/29/2018 11:46:12",44.8,43.4,30,1240.08,7204.084,1.99,2.02,1.92,-4.2,7.27,875.4,5.05,7.27,1.04,0.801,0.469],
[193,"7/29/2018 11:46:13",44.8,43.4,30,1262.34,7199.98,1.99,2.02,1.92,-4.1,7.28,877.6,5.05,7.27,1.04,0.808,0.451],
[194,"7/29/2018 11:46:14",44.8,43.4,30,1292.51,7288.21,1.99,2.02,1.92,-3.9,7.09,880,5.05,7.28,1.04,0.803,0.455],
[195,"7/29/2018 11:46:15",44.8,43.4,30,1244.47,7228.707,1.99,2.02,1.92,-3.9,7.09,882.5,5.05,7.09,1.05,0.797,0.457],
[196,"7/29/2018 11:46:16",44.8,43.4,30,1299.68,7230.758,1.99,2.02,1.92,-4.1,6.94,883.9,5.05,7.09,1.04,0.8,0.439],
[197,"7/29/2018 11:46:17",44.8,43.4,30,1244.47,7265.64,1.99,2.02,1.92,-4.1,6.94,886.3,5.05,6.94,1.04,0.798,0.422],
[198,"7/29/2018 11:46:18",44.8,43.5,30,1231.39,7222.551,1.99,2.02,1.92,-4.7,6.91,889.6,5.05,6.94,1.04,0.787,0.427],
[199,"7/29/2018 11:46:19",44.8,43.5,30,1283.07,7349.766,1.99,2.02,1.92,-5.7,6.89,891.6,5.05,6.91,1.03,0.786,0.419],
[200,"7/29/2018 11:46:20",44.8,43.5,30,1294.89,7261.536,1.99,2.02,1.92,-5.7,6.89,894.6,5.05,6.89,1.02,0.787,0.406],
[201,"7/29/2018 11:46:21",44.8,43.5,30,1227.09,7390.803,1.99,2.02,1.92,-6.6,6.86,895.9,5.05,6.89,1.01,0.777,0.414],
[202,"7/29/2018 11:46:22",44.8,43.5,30,1292.51,7220.499,1.99,2.02,1.92,-6.2,6.91,897.1,5.05,6.86,1.01,0.775,0.415],
[203,"7/29/2018 11:46:23",44.8,43.5,30,1269.18,7419.529,1.99,2.02,1.92,-6.2,6.91,897.3,5.05,6.91,1,0.778,0.405],
[204,"7/29/2018 11:46:24",44.8,43.5,30,1280.74,7335.403,1.99,2.02,1.92,-6.3,6.68,898.9,5.05,6.91,0.99,0.774,0.407],
[205,"7/29/2018 11:46:25",44.8,43.5,30,1264.61,7257.432,1.99,2.02,1.92,-6.5,6.56,900.2,5.05,6.68,0.98,0.766,0.409],
[206,"7/29/2018 11:46:26",44.8,43.5,30,1251.11,7310.781,1.99,2.02,1.92,-7.2,6.43,901.7,5.05,6.56,0.97,0.763,0.39],
[207,"7/29/2018 11:46:27",44.8,43.5,30,1309.36,7212.292,1.99,2.02,1.92,-7.5,6.2,902.6,5.05,6.43,0.96,0.76,0.365],
[208,"7/29/2018 11:46:28",44.8,43.5,30,1248.89,7312.833,1.99,2.02,1.92,-7.9,6.14,903.1,5.05,6.2,0.95,0.747,0.352],
[209,"7/29/2018 11:46:29",44.8,43.5,30,1251.11,7362.077,1.99,2.02,1.92,-8.1,6.32,904.2,5.05,6.14,0.93,0.735,0.341],
[210,"7/29/2018 11:46:30",44.8,43.5,30,1283.07,7425.685,1.99,2.02,1.92,-8.7,6.47,905.3,5.05,6.32,0.91,0.731,0.337],
[211,"7/29/2018 11:46:31",44.8,43.5,30,1283.07,7312.833,1.99,2.02,1.92,-9.2,6.5,907.6,5.05,6.47,0.89,0.729,0.347],
[212,"7/29/2018 11:46:32",44.8,43.5,30,1253.34,7433.893,1.99,2.02,1.92,-9.400001,6.38,910.4,5.05,6.5,0.88,0.728,0.358],
[213,"7/29/2018 11:46:33",44.8,43.5,30,1304.5,7458.515,1.99,2.02,1.92,-9.1,6.38,913.4,5.05,6.38,0.87,0.726,0.357],
[214,"7/29/2018 11:46:34",44.8,43.5,30,1314.25,7470.826,1.99,2.02,1.92,-8.900001,6.36,915.8,5.05,6.38,0.86,0.723,0.354],
[215,"7/29/2018 11:46:35",44.8,43.5,30,1292.51,7491.345,1.99,2.02,1.92,-8.7,6.48,918.2,5.05,6.36,0.85,0.72,0.352],
[216,"7/29/2018 11:46:36",44.8,43.5,30,1316.71,7382.596,1.99,2.02,1.92,-8.7,6.48,921.6,5.05,6.48,0.84,0.719,0.355],
[217,"7/29/2018 11:46:37",44.8,43.4,30,1264.61,7384.648,1.99,2.02,1.92,-8.7,6.97,924.4,5.05,6.48,0.83,0.718,0.36],
[218,"7/29/2018 11:46:38",44.8,43.5,30,1266.89,7581.626,1.99,2.02,1.92,-8.7,6.97,928.2,5.05,6.97,0.82,0.722,0.38],
[219,"7/29/2018 11:46:39",44.8,43.5,30,1324.15,7557.004,1.99,2.02,1.92,-8.7,7.07,933.3,5.05,6.97,0.82,0.729,0.403],
[220,"7/29/2018 11:46:40",44.8,43.4,30,1280.74,7686.271,1.99,2.02,1.92,-8.1,7.19,937.7,5.05,7.07,0.83,0.735,0.414],
[221,"7/29/2018 11:46:41",44.8,43.4,30,1273.78,7641.13,1.99,2.02,1.92,-7.8,7.18,943.6,5.05,7.19,0.84,0.741,0.427],
[222,"7/29/2018 11:46:42",44.9,43.5,30,1336.74,7756.035,1.99,2.02,1.92,-7.7,7.25,948.6,5.05,7.18,0.84,0.748,0.436],
[223,"7/29/2018 11:46:43",44.9,43.5,30,1304.5,7807.331,1.99,2.02,1.92,-7.9,7.13,954.9,5.05,7.25,0.85,0.753,0.444],
[224,"7/29/2018 11:46:44",44.9,43.5,30,1271.47,7838.109,1.99,2.02,1.92,-7.9,7.13,960.8,5.05,7.13,0.87,0.759,0.442],
[225,"7/29/2018 11:46:45",44.9,43.5,30,1290.14,7836.057,1.99,2.02,1.92,-9,7.17,967.6,5.05,7.13,0.88,0.763,0.437],
[226,"7/29/2018 11:46:46",44.9,43.5,30,1321.66,7809.383,1.99,2.02,1.92,-9.400001,7.08,973.3,5.05,7.17,0.88,0.766,0.436],
[227,"7/29/2018 11:46:47",44.9,43.5,30,1290.14,7782.709,1.99,2.02,1.92,-9.1,7.14,980.9,5.05,7.08,0.89,0.765,0.439],
[228,"7/29/2018 11:46:48",44.9,43.5,30,1316.71,7838.109,1.99,2.02,1.92,-9.1,7.14,987.1,5.05,7.14,0.9,0.764,0.445],
[229,"7/29/2018 11:46:49",44.9,43.5,30,1311.8,7885.302,1.99,2.02,1.92,-8.900001,7.33,992.1,5.05,7.14,0.91,0.772,0.436],
[230,"7/29/2018 11:46:50",44.9,43.5,30,1280.74,7813.487,1.99,2.02,1.92,-8.900001,7.33,998.5,5.05,7.33,0.91,0.778,0.438],
[231,"7/29/2018 11:46:51",44.9,43.5,30,1306.92,7862.731,1.99,2.02,1.92,-8.6,7.65,1002.6,5.05,7.33,0.92,0.776,0.458],
[232,"7/29/2018 11:46:52",44.9,43.5,30,1319.18,7897.613,1.99,2.02,1.92,-8.6,7.65,1007.7,5.05,7.65,0.93,0.78,0.481],
[233,"7/29/2018 11:46:53",44.9,43.5,30,1324.15,7950.961,1.99,2.02,1.92,-8.8,7.57,1011.4,5.05,7.65,0.95,0.794,0.489],
[234,"7/29/2018 11:46:54",44.9,43.5,30,1326.65,7911.976,1.99,2.02,1.92,-8.8,7.57,1015.3,5.05,7.57,0.97,0.804,0.484],
[235,"7/29/2018 11:46:55",44.9,43.5,30,1357.38,7868.887,1.99,2.02,1.92,-8.5,7.64,1017.6,5.05,7.57,0.98,0.804,0.487],
[236,"7/29/2018 11:46:56",44.9,43.5,30,1329.16,7998.154,1.99,2.02,1.92,-8.6,7.61,1021.1,5.05,7.64,1,0.805,0.498],
[237,"7/29/2018 11:46:57",44.9,43.5,30,1316.71,8002.258,1.99,2.02,1.92,-7.9,7.43,1023.2,5.06,7.61,1.01,0.807,0.507],
[238,"7/29/2018 11:46:58",44.9,43.5,30,1365.29,7889.406,1.99,2.02,1.92,-7.9,7.43,1025.7,5.05,7.43,1.03,0.814,0.49],
[239,"7/29/2018 11:46:59",44.9,43.5,30,1292.51,7930.443,1.99,2.02,1.92,-7.9,7.44,1028,5.04,7.43,1.04,0.818,0.472],
[240,"7/29/2018 11:47:00",44.9,43.6,30,1362.65,7961.221,1.99,2.02,1.92,-8.1,7.33,1028.2,5.01,7.44,1.05,0.813,0.478],
[241,"7/29/2018 11:47:01",44.9,43.5,30,1294.89,7911.976,1.99,2.02,1.92,-8.2,7.14,1029.1,4.87,7.33,1.05,0.809,0.482],
[242,"7/29/2018 11:47:02",44.9,43.6,30,1302.08,8082.28,1.99,2.02,1.92,-8.7,7.2,1028.9,4.64,7.14,1.06,0.813,0.457],
[243,"7/29/2018 11:47:03",44.9,43.6,30,1290.14,7938.65,1.99,2.02,1.92,-9.1,7.25,1029.2,4.41,7.2,1.06,0.811,0.442],
[244,"7/29/2018 11:47:04",44.9,43.6,30,1346.98,8080.229,1.99,2.02,1.92,-9.5,7.28,1029.6,4.2,7.25,1.06,0.803,0.456],
[245,"7/29/2018 11:47:05",44.9,43.6,30,1299.68,8115.11,1.99,2.02,1.92,-9.7,7.17,1030.7,3.99,7.28,1.06,0.804,0.459],
[246,"7/29/2018 11:47:06",44.9,43.6,30,1321.66,7936.598,1.99,2.02,1.92,-10.1,7.27,1030.6,3.77,7.17,1.06,0.81,0.444],
[247,"7/29/2018 11:47:07",44.9,43.6,30,1341.84,8076.125,1.99,2.02,1.92,-10.4,7.21,1031,3.53,7.27,1.06,0.803,0.451],
[248,"7/29/2018 11:47:08",44.9,43.6,30,1329.16,8160.251,1.99,2.02,1.92,-10.2,7.29,1032.7,3.32,7.21,1.06,0.799,0.46],
[249,"7/29/2018 11:47:09",45,43.6,30,1339.29,8162.303,1.99,2.02,1.92,-10.1,7.31,1035,3.09,7.29,1.06,0.806,0.45],
[250,"7/29/2018 11:47:10",45,43.6,30,1331.68,8129.473,1.99,2.02,1.92,-10.1,7.31,1039.3,2.88,7.31,1.06,0.807,0.451],
[251,"7/29/2018 11:47:11",45,43.6,30,1341.84,8131.525,1.99,2.02,1.92,-10.6,7.16,1042.3,2.66,7.31,1.06,0.8,0.465],
[252,"7/29/2018 11:47:12",45,43.6,30,1314.25,8090.488,1.99,2.02,1.92,-10.9,7.13,1046.1,2.45,7.16,1.06,0.802,0.458],
[253,"7/29/2018 11:47:13",45,43.6,30,1321.66,8072.021,1.99,2.02,1.92,-10.9,7.07,1049,2.23,7.13,1.06,0.805,0.438],
[254,"7/29/2018 11:47:14",45,43.6,30,1302.08,8037.14,1.99,2.02,1.92,-10.6,7.03,1051.7,2.01,7.07,1.06,0.797,0.439],
[255,"7/29/2018 11:47:15",45,43.6,30,1357.38,8065.866,1.99,2.02,1.92,-9.6,6.98,1053.6,1.79,7.03,1.05,0.791,0.44],
[256,"7/29/2018 11:47:16",45,43.6,30.1,1321.66,8172.563,1.99,2.02,1.92,-9.6,6.98,1056.4,1.56,6.98,1.05,0.795,0.422],
[257,"7/29/2018 11:47:17",45,43.6,30.1,1339.29,7985.843,1.99,2.02,1.92,-8.2,6.9,1057.9,1.35,6.98,1.04,0.791,0.418],
[258,"7/29/2018 11:47:18",45,43.6,30.1,1329.16,8113.059,1.99,2.02,1.92,-8.2,6.9,1057.3,1.13,6.9,1.03,0.781,0.426],
[259,"7/29/2018 11:47:19",45,43.6,30,1299.68,8043.295,1.99,2.02,1.92,-7.5,6.9,1057.1,0.91,6.9,1.02,0.782,0.416],
[260,"7/29/2018 11:47:20",45,43.6,30,1306.92,8049.451,1.99,2.02,1.92,-7.5,6.9,1054.4,0.7,6.9,1.02,0.783,0.405],
[261,"7/29/2018 11:47:21",45,43.6,30,1357.38,8055.606,1.99,2.02,1.92,-6.7,7.15,1053.4,0.48,6.9,1.01,0.775,0.414],
[262,"7/29/2018 11:47:22",45,43.6,30,1324.15,8172.563,1.99,2.02,1.92,-6.6,7.28,1053.4,0.26,7.15,1,0.774,0.429],
[263,"7/29/2018 11:47:23",45,43.6,30,1331.68,8273.104,1.99,2.02,1.92,-6.6,7.28,1053.7,0.05,7.28,1,0.784,0.433],
[264,"7/29/2018 11:47:24",45,43.6,30,1344.41,8145.888,1.99,2.02,1.92,-6.2,7.67,1055.3,-0.12,7.28,1,0.785,0.445],
[265,"7/29/2018 11:47:25",45,43.6,30,1311.8,8256.688,1.99,2.02,1.92,-5.7,7.79,1057.6,-0.16,7.67,1,0.784,0.478],
[266,"7/29/2018 11:47:26",45,43.6,30,1395.09,8225.911,1.99,2.02,1.92,-5.7,7.79,1060,-0.16,7.79,1.01,0.796,0.502],
[267,"7/29/2018 11:47:27",45,43.6,30,1321.66,8349.022,1.99,2.02,1.92,-5.5,7.92,1064.9,-0.16,7.79,1.03,0.809,0.51],
[268,"7/29/2018 11:47:28",45,43.6,30,1375.98,8439.305,1.99,2.02,1.92,-5.5,7.92,1070.8,-0.17,7.92,1.04,0.82,0.512],
[269,"7/29/2018 11:47:29",45,43.6,30,1326.65,8351.074,1.99,2.02,1.92,-5.2,7.95,1077.4,-0.16,7.92,1.06,0.825,0.524],
[270,"7/29/2018 11:47:30",45,43.6,30,1352.16,8451.615,1.99,2.02,1.92,-4.7,7.94,1085.7,-0.16,7.95,1.08,0.826,0.54],
[271,"7/29/2018 11:47:31",45,43.6,30,1362.65,8474.186,1.99,2.02,1.92,-4.1,7.91,1094.7,-0.16,7.94,1.1,0.83,0.549],
[272,"7/29/2018 11:47:32",45,43.6,30,1409.07,8424.941,1.99,2.02,1.92,-3.7,7.95,1102.8,-0.16,7.91,1.12,0.837,0.547],
[273,"7/29/2018 11:47:33",45,43.6,30,1339.29,8736.824,1.99,2.02,1.92,-3.5,7.82,1111,-0.16,7.95,1.14,0.847,0.538],
[274,"7/29/2018 11:47:34",45,43.6,30,1395.09,8562.416,1.99,2.01,1.92,-3.5,7.82,1120.4,-0.16,7.82,1.15,0.854,0.526],
[275,"7/29/2018 11:47:35",45.1,43.6,30,1370.61,8603.453,2,2.02,1.93,-3.2,7.52,1128.5,-0.16,7.82,1.17,0.853,0.523],
[276,"7/29/2018 11:47:36",45.1,43.6,30,1339.29,8587.038,2,2.02,1.93,-3,7.4,1136.3,-0.16,7.52,1.18,0.844,0.521],
[277,"7/29/2018 11:47:37",45.1,43.6,30,1392.33,8504.964,2,2.02,1.93,-3.3,7.34,1142.9,-0.16,7.4,1.18,0.843,0.498],
[278,"7/29/2018 11:47:38",45.1,43.6,30,1341.84,8634.231,2,2.01,1.93,-3.3,7.34,1148,-0.16,7.34,1.19,0.845,0.468],
[279,"7/29/2018 11:47:39",45.1,43.6,30,1423.33,8564.468,2,2.02,1.93,-4.1,7.23,1152,-0.16,7.34,1.18,0.833,0.473],
[280,"7/29/2018 11:47:40",45.1,43.6,30,1375.98,8535.742,2,2.01,1.93,-4.1,7.23,1156.1,-0.16,7.23,1.18,0.83,0.467],
[281,"7/29/2018 11:47:41",45.1,43.6,30,1336.74,8414.682,2,2.02,1.93,-4.1,7.06,1156.6,-0.16,7.23,1.17,0.832,0.447],
[282,"7/29/2018 11:47:42",45.1,43.6,30,1324.15,8443.408,2,2.02,1.93,-4.5,6.79,1156.4,-0.16,7.06,1.16,0.819,0.45],
[283,"7/29/2018 11:47:43",45.1,43.6,30,1389.58,8408.526,2,2.02,1.93,-4.5,6.79,1154.8,-0.16,6.79,1.15,0.813,0.428],
[284,"7/29/2018 11:47:44",45.1,43.6,30,1400.65,8301.83,2,2.02,1.93,-4.9,6.81,1149.9,-0.16,6.79,1.14,0.808,0.4],
[285,"7/29/2018 11:47:45",45.1,43.6,30,1378.68,8486.497,2,2.02,1.93,-5.9,7.01,1143.7,-0.16,6.81,1.12,0.795,0.405],
[286,"7/29/2018 11:47:46",45.1,43.6,30,1341.84,8310.037,2,2.02,1.93,-6.2,6.89,1138.1,-0.16,7.01,1.1,0.792,0.414],
[287,"7/29/2018 11:47:47",45.1,43.6,30,1321.66,8242.325,2,2.02,1.93,-6.5,6.65,1130.3,-0.16,6.89,1.09,0.795,0.406],
[288,"7/29/2018 11:47:48",45.1,43.6,30,1331.68,8227.963,2,2.02,1.93,-6.5,6.65,1122.3,-0.16,6.65,1.07,0.784,0.401],
[289,"7/29/2018 11:47:49",45.1,43.6,30,1339.29,8082.28,2,2.02,1.93,-6.9,6.52,1113.3,-0.16,6.65,1.06,0.773,0.396],
[290,"7/29/2018 11:47:50",45.1,43.6,30,1321.66,8088.436,2,2.02,1.93,-7.3,6.45,1102.2,-0.16,6.52,1.04,0.772,0.377],
[291,"7/29/2018 11:47:51",45.1,43.6,30,1326.65,8033.036,2,2.02,1.93,-7.7,6.8,1093.5,-0.16,6.45,1.02,0.765,0.362],
[292,"7/29/2018 11:47:52",45.1,43.6,30,1290.14,8162.303,2,2.02,1.93,-7.6,7.03,1084.1,-0.16,6.8,1,0.756,0.38],
[293,"7/29/2018 11:47:53",45.1,43.6,30,1321.66,8000.206,2,2.02,1.93,-7.2,7.19,1076.7,-0.16,7.03,0.99,0.757,0.407],
[294,"7/29/2018 11:47:54",45.1,43.6,30,1280.74,8076.125,2,2.02,1.93,-6.9,7.32,1068,-0.16,7.19,0.98,0.767,0.419],
[295,"7/29/2018 11:47:55",45.1,43.6,30.1,1302.08,7809.383,2,2.02,1.93,-6.6,7.45,1059.8,-0.16,7.32,0.98,0.772,0.436],
[296,"7/29/2018 11:47:56",45.2,43.6,30.1,1273.78,7745.775,2,2.02,1.93,-6.2,7.46,1049.7,-0.16,7.45,0.98,0.771,0.465],
[297,"7/29/2018 11:47:57",45.2,43.6,30.1,1262.34,7749.879,2,2.02,1.93,-5.7,7.36,1040,-0.16,7.46,0.99,0.779,0.476],
[298,"7/29/2018 11:47:58",45.2,43.6,30.1,1257.83,7743.724,2,2.02,1.93,-4.9,7.38,1031.4,-0.16,7.36,0.99,0.79,0.463],
[299,"7/29/2018 11:47:59",45.2,43.6,30.1,1297.28,7673.96,2,2.02,1.93,-4.3,7.49,1021.9,-0.16,7.38,1,0.791,0.462],
[300,"7/29/2018 11:48:00",45.2,43.7,30.1,1297.28,7604.197,2,2.02,1.93,-4.1,7.43,1013.5,-0.16,7.49,1.01,0.788,0.478],
[301,"7/29/2018 11:48:01",45.2,43.6,30.1,1280.74,7569.315,2,2.02,1.93,-4.3,7.24,1004.4,-0.16,7.43,1.01,0.793,0.483],
[302,"7/29/2018 11:48:02",45.2,43.6,30.1,1316.71,7378.492,2,2.02,1.93,-4.1,7.12,994,-0.16,7.24,1.02,0.801,0.462],
[303,"7/29/2018 11:48:03",45.2,43.6,30.1,1280.74,7544.693,2,2.02,1.93,-4.1,7.01,983.1,-0.16,7.12,1.03,0.798,0.446],
[304,"7/29/2018 11:48:04",45.2,43.6,30.1,1244.47,7571.367,2,2.02,1.93,-4.1,7.01,974.6,-0.16,7.01,1.03,0.788,0.445],
[305,"7/29/2018 11:48:05",45.2,43.7,30.1,1321.66,7405.167,2,2.02,1.93,-4.2,6.85,966.6,-0.16,7.01,1.02,0.788,0.434],
[306,"7/29/2018 11:48:06",45.2,43.7,30.1,1280.74,7394.907,2,2.02,1.93,-4.2,6.85,958.4,-0.16,6.85,1.02,0.789,0.412],
[307,"7/29/2018 11:48:07",45.2,43.7,30.1,1251.11,7380.544,2,2.02,1.93,-4.2,6.7,951.4,-0.16,6.85,1.01,0.779,0.412],
[308,"7/29/2018 11:48:08",45.2,43.7,30.1,1257.83,7423.633,2,2.02,1.93,-4.2,6.7,943.7,-0.16,6.7,1,0.772,0.408],
[309,"7/29/2018 11:48:09",45.2,43.7,30.1,1306.92,7290.262,2,2.02,1.93,-3.6,6.57,936.8,-0.16,6.7,0.99,0.774,0.388],
[310,"7/29/2018 11:48:10",45.2,43.7,30.1,1233.55,7232.81,2,2.02,1.93,-3.7,6.51,929.2,-0.16,6.57,0.98,0.767,0.379],
[311,"7/29/2018 11:48:11",45.2,43.7,30,1240.08,7195.876,2,2.02,1.93,-3.6,6.43,921.3,-0.16,6.51,0.97,0.755,0.38],
[312,"7/29/2018 11:48:12",45.2,43.7,30,1218.59,7148.684,2,2.02,1.93,-3.6,6.43,914.7,-0.16,6.43,0.96,0.75,0.371],
[313,"7/29/2018 11:48:13",45.2,43.8,30,1266.89,7111.75,2,2.02,1.93,-2.9,6.55,907.5,-0.16,6.43,0.94,0.748,0.356],
[314,"7/29/2018 11:48:14",45.2,43.8,30,1218.59,7097.387,2,2.02,1.93,-2.9,6.55,898.9,-0.16,6.55,0.93,0.743,0.361],
[315,"7/29/2018 11:48:15",45.2,43.7,30,1216.48,7066.609,2,2.02,1.93,-2.1,6.49,890.9,-0.16,6.55,0.91,0.74,0.367],
[316,"7/29/2018 11:48:16",45.2,43.7,30,1231.39,6982.483,2,2.02,1.93,-2.1,6.49,883.8,-0.16,6.49,0.9,0.738,0.367],
[317,"7/29/2018 11:48:17",45.2,43.7,30,1210.2,7101.491,2,2.02,1.93,-2.2,6.25,875.8,-0.16,6.49,0.89,0.735,0.365],
[318,"7/29/2018 11:48:18",45.2,43.7,30,1237.9,7021.468,2,2.02,1.93,-2.2,6.25,868.8,-0.16,6.25,0.88,0.731,0.355],
[319,"7/29/2018 11:48:19",45.2,43.7,30,1199.87,6998.898,2,2.02,1.93,-1.9,6.09,862,-0.16,6.25,0.87,0.725,0.344],
[320,"7/29/2018 11:48:20",45.2,43.7,30,1269.18,7011.209,2,2.02,1.93,-1.9,6.09,856.5,-0.16,6.09,0.86,0.719,0.334],
[321,"7/29/2018 11:48:21",45.2,43.7,30,1218.59,6992.742,2,2.02,1.93,-1.7,6.23,851.9,-0.16,6.09,0.84,0.712,0.326],
[322,"7/29/2018 11:48:22",45.2,43.7,30,1210.2,6955.809,2,2.02,1.93,-1.7,6.23,847.2,-0.16,6.23,0.83,0.709,0.325],
[323,"7/29/2018 11:48:23",45.2,43.7,30,1242.27,6916.823,2,2.02,1.93,-1.8,6.35,844.2,-0.16,6.23,0.81,0.705,0.334],
[324,"7/29/2018 11:48:24",45.2,43.7,30,1210.2,6984.535,2,2.02,1.93,-2.4,6.44,841.4,-0.16,6.35,0.8,0.705,0.338],
[325,"7/29/2018 11:48:25",45.2,43.7,30,1233.55,7078.92,2,2.02,1.93,-3,6.43,840.2,-0.16,6.44,0.79,0.703,0.352],
[326,"7/29/2018 11:48:26",45.2,43.7,30,1214.38,7074.817,2,2.02,1.93,-4.3,6.59,840.3,-0.16,6.43,0.79,0.707,0.352],
[327,"7/29/2018 11:48:27",45.2,43.7,30,1266.89,7101.491,2,2.02,1.93,-4.9,6.62,841.8,-0.16,6.59,0.78,0.707,0.36],
[328,"7/29/2018 11:48:28",45.2,43.7,30,1260.08,7212.292,2,2.02,1.93,-5.3,6.8,843.3,-0.16,6.62,0.78,0.708,0.374],
[329,"7/29/2018 11:48:29",45.2,43.7,30,1262.34,7091.231,2,2.02,1.93,-5.3,6.8,846.5,-0.16,6.8,0.78,0.714,0.38],
[330,"7/29/2018 11:48:30",45.2,43.7,30,1262.34,7105.595,2,2.02,1.93,-6.6,6.84,849.5,-0.16,6.8,0.78,0.718,0.39],
[331,"7/29/2018 11:48:31",45.2,43.7,30,1271.47,7310.781,2,2.02,1.93,-6.6,6.84,853.4,-0.16,6.84,0.78,0.721,0.398],
[332,"7/29/2018 11:48:32",45.2,43.7,30,1297.28,7290.262,2,2.02,1.93,-6.7,6.7,859.3,-0.16,6.84,0.79,0.727,0.397],
[333,"7/29/2018 11:48:33",45.2,43.7,30,1273.78,7236.914,2,2.02,1.93,-6.7,6.78,865.2,-0.16,6.7,0.79,0.728,0.395],
[334,"7/29/2018 11:48:34",45.2,43.7,30,1260.08,7296.417,2,2.02,1.93,-6.5,6.87,871.4,-0.16,6.78,0.8,0.729,0.393],
[335,"7/29/2018 11:48:35",45.2,43.7,30,1264.61,7442.1,2,2.02,1.93,-7,7.04,877.6,-0.16,6.87,0.8,0.731,0.399],
[336,"7/29/2018 11:48:36",45.2,43.7,30,1251.11,7407.218,2,2.02,1.93,-7.2,6.93,885,-0.16,7.04,0.81,0.736,0.409],
[337,"7/29/2018 11:48:37",45.2,43.7,30,1285.42,7470.826,2,2.02,1.93,-7.2,6.93,892.1,-0.16,6.93,0.82,0.742,0.413],
[338,"7/29/2018 11:48:38",45.2,43.7,30,1273.78,7511.863,2,2.02,1.93,-7.6,6.93,900.1,-0.16,6.93,0.82,0.744,0.413],
[339,"7/29/2018 11:48:39",45.2,43.7,30,1326.65,7507.759,2,2.02,1.93,-8.1,7.06,908.3,-0.16,6.93,0.83,0.746,0.414],
[340,"7/29/2018 11:48:40",45.2,43.7,30,1278.41,7540.589,2,2.02,1.93,-8.1,7.06,916.7,-0.16,7.06,0.84,0.748,0.42],
[341,"7/29/2018 11:48:41",45.2,43.7,30,1287.77,7717.049,2,2.02,1.93,-8,7.28,924.7,-0.16,7.06,0.84,0.751,0.427],
[342,"7/29/2018 11:48:42",45.2,43.7,30,1302.08,7700.634,2,2.02,1.93,-8.2,7.24,932.8,-0.16,7.28,0.85,0.756,0.439],
[343,"7/29/2018 11:48:43",45.2,43.7,30,1287.77,7790.916,2,2.02,1.93,-8.3,7.22,941,-0.16,7.24,0.86,0.762,0.449],
[344,"7/29/2018 11:48:44",45.2,43.7,30,1326.65,7840.161,2,2.02,1.93,-8.400001,7.14,950.7,-0.16,7.22,0.88,0.772,0.44],
[345,"7/29/2018 11:48:45",45.2,43.7,29.9,1276.09,7858.627,2,2.02,1.93,-8.400001,7.14,960.2,-0.16,7.14,0.89,0.771,0.441],
[346,"7/29/2018 11:48:46",45.2,43.7,29.9,1362.65,7809.383,2,2.02,1.93,-8.400001,7.06,969.3,-0.16,7.14,0.9,0.767,0.448],
[347,"7/29/2018 11:48:47",45.2,43.7,29.9,1285.42,8024.829,2,2.02,1.93,-8.2,7.11,978.8,-0.16,7.06,0.9,0.772,0.44],
[348,"7/29/2018 11:48:48",45.2,43.6,29.9,1285.42,7981.739,2,2.02,1.93,-7.9,7.26,987.6,-0.16,7.11,0.91,0.777,0.426],
[349,"7/29/2018 11:48:49",45.2,43.7,29.9,1334.2,8069.969,2,2.02,1.93,-7.3,7.34,995.8,-0.16,7.26,0.92,0.775,0.44],
[350,"7/29/2018 11:48:50",45.2,43.7,29.9,1336.74,8100.747,2,2.02,1.93,-7.2,7.37,1005.2,-0.16,7.34,0.92,0.774,0.461],
[351,"7/29/2018 11:48:51",45.2,43.7,29.9,1309.36,8026.88,2,2.02,1.93,-7.2,7.37,1013.7,-0.16,7.37,0.93,0.785,0.459],
[352,"7/29/2018 11:48:52",45.2,43.7,29.9,1329.16,8069.969,2,2.02,1.93,-7.1,7.54,1020.9,-0.16,7.37,0.95,0.791,0.456],
[353,"7/29/2018 11:48:53",45.2,43.7,29.9,1373.29,8012.517,2,2.02,1.93,-6.9,7.67,1027.5,-0.16,7.54,0.96,0.788,0.477],
[354,"7/29/2018 11:48:54",45.2,43.7,29.9,1334.2,8152.044,2,2.02,1.93,-6.6,7.6,1033,-0.16,7.67,0.97,0.793,0.497],
[355,"7/29/2018 11:48:55",45.2,43.7,29.9,1319.18,8117.162,2,2.02,1.93,-5.9,7.61,1037.6,-0.16,7.6,0.98,0.805,0.495],
[356,"7/29/2018 11:48:56",45.2,43.7,29.9,1326.65,8051.502,2,2.02,1.93,-5.4,7.62,1040.8,-0.16,7.61,1,0.813,0.489],
[357,"7/29/2018 11:48:57",45.2,43.7,29.9,1299.68,8004.31,2,2.02,1.93,-4.8,7.64,1043.3,-0.16,7.62,1.02,0.814,0.492],
[358,"7/29/2018 11:48:58",45.2,43.7,29.9,1292.51,8074.073,2,2.02,1.93,-4.2,7.72,1045.7,-0.16,7.64,1.03,0.811,0.507],
[359,"7/29/2018 11:48:59",45.2,43.7,29.9,1319.18,8047.399,2,2.02,1.93,-3.5,7.79,1047.1,-0.16,7.72,1.04,0.816,0.513],
[360,"7/29/2018 11:49:00",45.2,43.7,29.9,1319.18,7987.895,2,2.02,1.93,-3.5,7.79,1047.2,-0.16,7.79,1.06,0.827,0.512],
[361,"7/29/2018 11:49:01",45.2,43.7,29.9,1362.65,8028.932,2,2.02,1.93,-2,7.47,1047.5,-0.16,7.79,1.07,0.835,0.509],
[362,"7/29/2018 11:49:02",45.2,43.7,29.9,1354.77,8010.465,2,2.02,1.93,-2,7.47,1048.3,-0.16,7.47,1.09,0.834,0.499],
[363,"7/29/2018 11:49:03",45.2,43.7,29.9,1294.89,8043.295,2,2.02,1.93,-1.4,7.45,1048.8,-0.16,7.47,1.1,0.825,0.496],
[364,"7/29/2018 11:49:04",45.3,43.7,29.9,1321.66,8008.414,2,2.02,1.93,-1.4,7.45,1049.4,-0.16,7.45,1.11,0.825,0.491],
[365,"7/29/2018 11:49:05",45.3,43.7,29.9,1336.74,8022.776,2,2.02,1.93,-0.9,7.46,1049.6,-0.16,7.45,1.11,0.832,0.473],
[366,"7/29/2018 11:49:06",45.3,43.7,29.9,1324.15,8162.303,2,2.02,1.93,-0.2,7.47,1050.7,-0.16,7.46,1.12,0.827,0.477],
[367,"7/29/2018 11:49:07",45.3,43.7,29.9,1319.18,8024.829,2,2.02,1.93,1.3,7.41,1051.5,-0.16,7.47,1.12,0.822,0.49],
[368,"7/29/2018 11:49:08",45.3,43.7,29.9,1336.74,8082.28,2,2.02,1.93,1.8,7.32,1051.4,-0.16,7.41,1.12,0.829,0.475],
[369,"7/29/2018 11:49:09",45.3,43.7,29.9,1326.65,7950.961,2,2.02,1.93,1.8,7.32,1052.2,-0.16,7.32,1.12,0.826,0.467],
[370,"7/29/2018 11:49:10",45.3,43.7,29.9,1326.65,7983.791,2,2.02,1.93,1.9,7.23,1051.5,-0.16,7.32,1.12,0.817,0.474],
[371,"7/29/2018 11:49:11",45.3,43.7,29.9,1319.18,8020.725,2,2.02,1.93,2.3,7.37,1050.3,-0.16,7.23,1.12,0.82,0.461],
[372,"7/29/2018 11:49:12",45.3,43.7,29.9,1319.18,7870.939,2,2.02,1.93,2.9,7.3,1048,-0.16,7.37,1.12,0.822,0.453],
[373,"7/29/2018 11:49:13",45.3,43.7,29.9,1314.25,7844.265,2,2.02,1.94,3.4,7.14,1044.3,-0.16,7.3,1.12,0.814,0.467],
[374,"7/29/2018 11:49:14",45.3,43.7,29.9,1306.92,7836.057,2,2.02,1.94,3.4,7.14,1039.5,-0.16,7.14,1.11,0.812,0.46],
[375,"7/29/2018 11:49:15",45.3,43.7,29.9,1283.07,7790.916,2,2.02,1.97,3.7,7.1,1034.7,-0.16,7.14,1.11,0.815,0.439],
[376,"7/29/2018 11:49:16",45.3,43.7,29.9,1294.89,7770.397,2,2.02,1.98,3.7,7.05,1028.5,-0.16,7.1,1.1,0.807,0.438],
[377,"7/29/2018 11:49:17",45.3,43.7,29.9,1311.8,7723.205,2,2.02,1.98,3.7,6.97,1021.4,-0.16,7.05,1.1,0.8,0.444],
[378,"7/29/2018 11:49:18",45.3,43.7,29.9,1271.47,7799.124,2,2.02,1.98,3.7,6.92,1014.8,-0.16,6.97,1.09,0.803,0.423],
[379,"7/29/2018 11:49:19",45.3,43.7,29.9,1321.66,7634.975,2,2.02,1.98,4.2,6.78,1006.8,-0.16,6.92,1.08,0.796,0.417],
[380,"7/29/2018 11:49:20",45.3,43.7,29.9,1294.89,7692.427,2,2.02,1.99,4.2,6.78,1000,-0.16,6.78,1.07,0.785,0.418],
[381,"7/29/2018 11:49:21",45.3,43.8,29.9,1287.77,7559.056,2,2.02,1.99,4.7,6.95,994.2,-0.16,6.78,1.06,0.785,0.401],
[382,"7/29/2018 11:49:22",45.3,43.8,29.9,1294.89,7743.724,2,2.02,1.99,4.7,6.95,989.1,-0.16,6.95,1.04,0.783,0.4],
[383,"7/29/2018 11:49:23",45.3,43.8,29.9,1329.16,7604.197,2,2.02,1.99,4.7,6.98,985.9,-0.16,6.95,1.03,0.775,0.418],
[384,"7/29/2018 11:49:24",45.3,43.8,29.9,1346.98,7651.39,2,2.02,1.99,4.8,7.13,982.8,-0.16,6.98,1.02,0.777,0.419],
[385,"7/29/2018 11:49:25",45.3,43.8,29.9,1306.92,7665.753,2,2.02,1.99,5,7.27,980,-0.16,7.13,1.02,0.782,0.418],
[386,"7/29/2018 11:49:26",45.3,43.8,29.9,1304.5,7696.531,2,2.02,1.99,5.1,7.46,978.1,-0.16,7.27,1.01,0.778,0.443],
[387,"7/29/2018 11:49:27",45.3,43.8,29.9,1276.09,7686.271,2,2.02,1.99,5.1,7.46,977.6,-0.16,7.46,1.01,0.782,0.465],
[388,"7/29/2018 11:49:28",45.3,43.8,29.9,1354.77,7836.057,2,2.02,1.99,5.3,7.48,978.5,-0.16,7.46,1.02,0.794,0.466],
[389,"7/29/2018 11:49:29",45.3,43.8,29.9,1299.68,7885.302,2,2.02,1.99,4.9,7.39,980.4,-0.16,7.48,1.02,0.798,0.469],
[390,"7/29/2018 11:49:30",45.3,43.8,29.9,1299.68,7727.309,2,2.02,1.99,4.9,7.39,982.5,-0.16,7.39,1.03,0.795,0.479],
[391,"7/29/2018 11:49:31",45.3,43.8,29.9,1273.78,7645.234,2,2.02,1.99,4.7,7.28,983.7,-0.16,7.39,1.03,0.796,0.48],
[392,"7/29/2018 11:49:32",45.3,43.8,29.9,1326.65,7799.124,2,2.02,1.99,4.8,7.14,984.6,-0.16,7.28,1.04,0.804,0.462],
[393,"7/29/2018 11:49:33",45.3,43.8,29.9,1264.61,7657.545,2,2.02,1.99,4.7,7.11,984.6,-0.16,7.14,1.04,0.802,0.447],
[394,"7/29/2018 11:49:34",45.3,43.8,29.9,1280.74,7721.153,2,2.02,1.99,5.1,6.96,985,-0.16,7.11,1.04,0.793,0.449],
[395,"7/29/2018 11:49:35",45.3,43.8,29.9,1329.16,7708.842,2,2.02,1.99,5.4,7.02,985.4,-0.16,6.96,1.04,0.792,0.438],
[396,"7/29/2018 11:49:36",45.3,43.8,29.9,1299.68,7673.96,2,2.02,1.99,5.4,7.06,985.6,-0.16,7.02,1.03,0.794,0.42],
[397,"7/29/2018 11:49:37",45.3,43.7,29.9,1297.28,7589.834,2,2.02,1.99,5.4,7.06,985.4,-0.16,7.06,1.03,0.788,0.426],
[398,"7/29/2018 11:49:38",45.3,43.7,29.9,1260.08,7624.715,2,2.02,1.99,5.8,7.16,982.7,-0.16,7.06,1.02,0.783,0.437],
[399,"7/29/2018 11:49:39",45.3,43.7,29.9,1264.61,7546.745,2,2.02,1.99,6.6,7.19,979.4,-0.16,7.16,1.02,0.789,0.431],
[400,"7/29/2018 11:49:40",45.3,43.7,29.9,1285.42,7585.73,2,2.02,1.99,6.6,7.19,975.3,-0.16,7.19,1.02,0.79,0.435],
[401,"7/29/2018 11:49:41",45.3,43.8,29.9,1297.28,7575.471,2,2.02,1.99,6.9,7.13,972,-0.16,7.19,1.02,0.784,0.451],
[402,"7/29/2018 11:49:42",45.3,43.8,29.9,1248.89,7581.626,2,2.02,1.99,6.9,7.13,968.3,-0.16,7.13,1.02,0.788,0.446],
[403,"7/29/2018 11:49:43",45.3,43.8,29.9,1253.34,7559.056,2,2.02,1.99,7.5,7.36,964.2,-0.16,7.13,1.02,0.792,0.432],
[404,"7/29/2018 11:49:44",45.3,43.8,29.9,1292.51,7518.019,2,2.02,1.99,7.5,7.36,960.2,-0.16,7.36,1.02,0.789,0.448],
[405,"7/29/2018 11:49:45",45.3,43.8,29.9,1273.78,7485.189,2,2.02,1.99,8.1,7.45,956,-0.16,7.36,1.02,0.788,0.469],
[406,"7/29/2018 11:49:46",45.3,43.8,29.9,1324.15,7489.292,2,2.02,1.99,8.7,7.51,950.7,-0.16,7.45,1.02,0.798,0.466],
[407,"7/29/2018 11:49:47",45.3,43.8,29.9,1271.47,7460.566,2,2.02,1.99,8.900001,7.61,945.4,-0.16,7.51,1.03,0.804,0.468],
[408,"7/29/2018 11:49:48",45.3,43.8,29.9,1242.27,7351.818,2,2.02,1.99,8.900001,7.61,941.9,-0.16,7.61,1.04,0.802,0.49],
[409,"7/29/2018 11:49:49",45.3,43.8,29.9,1271.47,7423.633,2,2.02,1.99,9.1,7.65,937.9,-0.16,7.61,1.05,0.806,0.502],
[410,"7/29/2018 11:49:50",45.3,43.8,29.9,1278.41,7411.322,2,2.02,1.99,9.1,7.61,934.4,-0.16,7.65,1.06,0.817,0.495],
[411,"7/29/2018 11:49:51",45.3,43.8,29.9,1235.72,7296.417,2,2.02,1.99,9.6,7.55,930.5,-0.16,7.61,1.07,0.822,0.49],
[412,"7/29/2018 11:49:52",45.3,43.8,29.9,1240.08,7419.529,2,2.02,1.99,10.3,7.33,926.3,-0.16,7.55,1.08,0.82,0.494],
[413,"7/29/2018 11:49:53",45.3,43.8,29.9,1248.89,7329.248,2,2.02,1.99,10.3,7.33,922.6,-0.16,7.33,1.09,0.814,0.492],
[414,"7/29/2018 11:49:54",45.3,43.8,29.9,1304.5,7409.27,2,2.02,1.99,10.9,7.06,918.4,-0.16,7.33,1.09,0.816,0.476],
[415,"7/29/2018 11:49:55",45.3,43.8,29.9,1266.89,7226.654,2,2.02,1.99,10.9,7.06,914.5,-0.16,7.06,1.09,0.818,0.446],
[416,"7/29/2018 11:49:56",45.3,43.8,29.9,1231.39,7169.202,2,2.02,1.99,11.5,6.87,910.3,-0.16,7.06,1.09,0.807,0.44],
[417,"7/29/2018 11:49:57",45.3,43.8,29.9,1255.58,7128.165,2,2.02,1.99,11.5,6.87,905.5,-0.16,6.87,1.08,0.799,0.432],
[418,"7/29/2018 11:49:58",45.3,43.8,29.9,1262.34,7103.543,2,2.02,1.99,11.9,6.71,899.5,-0.16,6.87,1.07,0.8,0.408],
[419,"7/29/2018 11:49:59",45.3,43.8,29.9,1216.48,7078.92,2,2.02,1.99,11.9,6.71,894,-0.09,6.71,1.06,0.789,0.402],
[420,"7/29/2018 11:50:00",45.3,43.8,29.9,1260.08,7083.024,2,2.02,1.99,12.8,6.6,887.4,-0.09999999,6.71,1.05,0.779,0.401],
[421,"7/29/2018 11:50:01",45.3,43.8,29.9,1206.05,7126.113,2,2.02,1.99,12.8,6.6,880.7,0.08,6.6,1.03,0.778,0.384],
[422,"7/29/2018 11:50:02",45.3,43.7,29.9,1227.09,7011.209,2,2.02,1.99,13.6,6.8,873.9,0.3,6.6,1.02,0.772,0.374],
[423,"7/29/2018 11:50:03",45.3,43.8,29.9,1271.47,6994.794,2,2.02,1.99,13.6,6.8,866.8,0.51,6.8,1,0.762,0.391],
[424,"7/29/2018 11:50:04",45.3,43.8,29.9,1212.28,6925.031,2,2.02,1.99,14.1,6.92,860.5,0.73,6.8,0.99,0.763,0.398],
[425,"7/29/2018 11:50:05",45.3,43.8,29.9,1224.96,6966.068,2,2.02,1.99,14.1,6.82,853.6,0.95,6.92,0.98,0.767,0.397],
[426,"7/29/2018 11:50:06",45.3,43.7,29.9,1208.12,6847.06,2,2.02,1.99,14.1,6.82,847.6,1.16,6.82,0.97,0.764,0.4],
[427,"7/29/2018 11:50:07",45.3,43.7,29.9,1199.87,7050.194,2,2.02,1.99,14.2,6.78,842.3,1.38,6.82,0.96,0.757,0.409],
[428,"7/29/2018 11:50:08",45.3,43.7,29.9,1193.76,6935.29,2,2.02,1.99,14.1,6.71,838,1.61,6.78,0.96,0.758,0.404],
[429,"7/29/2018 11:50:09",45.3,43.7,29.9,1227.09,6842.957,2,2.02,1.99,14.4,6.6,833.3,1.84,6.71,0.95,0.76,0.39],
[430,"7/29/2018 11:50:10",45.3,43.7,29.9,1251.11,6808.075,2,2.02,1.99,14.4,6.6,829.1,2.06,6.6,0.94,0.755,0.381],
[431,"7/29/2018 11:50:11",45.3,43.7,29.9,1222.83,6814.23,2,2.02,1.99,14.8,6.64,825.5,2.28,6.6,0.93,0.747,0.383],
[432,"7/29/2018 11:50:12",45.3,43.7,29.9,1233.55,6767.038,2,2.02,1.99,14.8,6.52,822.4,2.44,6.64,0.92,0.742,0.386],
[433,"7/29/2018 11:50:13",45.3,43.7,29.9,1222.83,6845.008,2,2.02,1.99,14.8,6.52,819.5,2.7,6.52,0.91,0.743,0.376],
[434,"7/29/2018 11:50:14",45.3,43.7,29.9,1208.12,6824.49,2,2.02,1.99,14.9,6.46,816.8,2.92,6.52,0.9,0.743,0.364],
[435,"7/29/2018 11:50:15",45.3,43.7,29.9,1253.34,6820.386,2,2.02,1.99,15.3,6.41,814.6,3.14,6.46,0.89,0.737,0.361],
[436,"7/29/2018 11:50:16",45.3,43.7,29.9,1257.83,6857.319,2,2.02,1.99,15.6,6.43,813.1,3.36,6.41,0.88,0.73,0.362],
[437,"7/29/2018 11:50:17",45.3,43.7,29.9,1210.2,6799.867,2,2.02,1.99,16,6.47,811.4,3.59,6.43,0.87,0.725,0.363],
[438,"7/29/2018 11:50:18",45.3,43.7,29.8,1246.68,6797.815,2,2.02,1.99,15.8,6.43,809.6,3.81,6.47,0.86,0.723,0.364],
[439,"7/29/2018 11:50:19",45.3,43.8,29.8,1257.83,6785.504,2,2.02,1.99,15.8,6.43,808.7,4.03,6.43,0.85,0.725,0.357],
[440,"7/29/2018 11:50:20",45.3,43.8,29.8,1216.48,6861.423,2,2.02,1.99,16,6.57,808.8,4.24,6.43,0.84,0.721,0.358],
[441,"7/29/2018 11:50:21",45.3,43.8,29.8,1208.12,6888.097,2,2.02,1.99,15.5,6.52,809,4.46,6.57,0.83,0.721,0.363],
[442,"7/29/2018 11:50:22",45.3,43.8,29.8,1278.41,6953.757,2,2.02,1.99,15.5,6.52,810.2,4.67,6.52,0.83,0.721,0.367],
[443,"7/29/2018 11:50:23",45.3,43.8,29.8,1220.7,6857.319,2,2.02,1.99,15.1,6.65,811.9,4.86,6.52,0.82,0.721,0.367],
[444,"7/29/2018 11:50:24",45.3,43.8,29.8,1248.89,6929.135,2,2.02,1.99,15,6.89,813.7,4.97,6.65,0.82,0.722,0.372],
[445,"7/29/2018 11:50:25",45.3,43.8,29.8,1273.78,6935.29,2,2.02,1.99,15,6.89,816.5,5.01,6.89,0.82,0.725,0.387],
[446,"7/29/2018 11:50:26",45.3,43.8,29.8,1262.34,6996.846,2,2.02,1.99,14.5,6.96,819.4,5.01,6.89,0.82,0.73,0.4],
[447,"7/29/2018 11:50:27",45.3,43.8,29.8,1224.96,7005.053,2,2.02,1.99,14.3,7.06,823,4.99,6.96,0.82,0.733,0.409],
[448,"7/29/2018 11:50:28",45.3,43.8,29.8,1235.72,7048.143,2,2.02,1.99,13.6,7.14,827.4,4.99,7.06,0.83,0.738,0.418],
[449,"7/29/2018 11:50:29",45.3,43.8,29.8,1231.39,7062.505,2,2.02,1.99,13.4,7.24,832,4.99,7.14,0.83,0.744,0.426],
[450,"7/29/2018 11:50:30",45.3,43.8,29.8,1242.27,7062.505,2,2.02,1.99,12.3,7.21,836.4,4.99,7.24,0.84,0.751,0.436],
[451,"7/29/2018 11:50:31",45.3,43.8,29.8,1292.51,7093.284,2,2.02,1.99,11.5,7.21,841,4.99,7.21,0.86,0.757,0.441],
[452,"7/29/2018 11:50:32",45.3,43.8,29.8,1290.14,7111.75,2,2.02,1.99,11.1,7.09,844.3,4.99,7.21,0.87,0.76,0.445],
[453,"7/29/2018 11:50:33",45.3,43.8,29.8,1292.51,7113.802,2,2.02,1.99,10.2,6.88,848.5,4.99,7.09,0.88,0.76,0.449],
[454,"7/29/2018 11:50:34",45.3,43.8,29.8,1216.48,7158.943,2,2.02,1.99,9.3,6.82,852.1,4.99,6.88,0.89,0.766,0.426],
[455,"7/29/2018 11:50:35",45.3,43.8,29.8,1220.7,7140.476,2,2.02,1.99,8.6,6.83,854.7,4.99,6.82,0.89,0.765,0.406],
[456,"7/29/2018 11:50:36",45.3,43.8,29.8,1257.83,7107.646,2,2.02,1.99,8.6,6.83,857.3,4.99,6.83,0.89,0.757,0.408],
[457,"7/29/2018 11:50:37",45.3,43.8,29.8,1246.68,7173.306,2,2.02,1.99,7.5,6.72,859.4,4.99,6.83,0.89,0.754,0.411],
[458,"7/29/2018 11:50:38",45.3,43.8,29.8,1218.59,7091.231,2,2.02,1.99,7.1,6.67,860.5,4.99,6.72,0.89,0.756,0.4],
[459,"7/29/2018 11:50:39",45.3,43.8,29.8,1273.78,7035.832,2,2.02,1.99,7.1,6.67,860.6,4.99,6.67,0.89,0.757,0.384],
[460,"7/29/2018 11:50:40",45.3,43.8,29.8,1253.34,7083.024,2,2.02,1.99,6,6.42,860.8,4.99,6.67,0.89,0.751,0.383],
[461,"7/29/2018 11:50:41",45.3,43.8,29.8,1257.83,7089.18,2,2.02,1.99,5.6,6.37,860.4,4.99,6.42,0.88,0.742,0.38],
[462,"7/29/2018 11:50:42",45.3,43.8,29.8,1283.07,7078.92,2,2.02,1.99,5.6,6.47,860.1,4.99,6.37,0.87,0.736,0.367],
[463,"7/29/2018 11:50:43",45.3,43.8,29.8,1210.2,6988.639,2,2.02,1.99,5.4,6.7,858.5,4.99,6.47,0.86,0.735,0.359],
[464,"7/29/2018 11:50:44",45.3,43.8,29.8,1283.07,6937.342,2,2.02,1.99,5.4,6.7,856.5,4.99,6.7,0.86,0.735,0.367],
[465,"7/29/2018 11:50:45",45.3,43.8,29.8,1264.61,6968.12,2,2.02,1.99,5.1,6.89,854,4.99,6.7,0.85,0.736,0.38],
[466,"7/29/2018 11:50:46",45.3,43.8,29.8,1206.05,6902.46,2,2.02,1.99,4.2,7,851.6,4.99,6.89,0.85,0.738,0.39],
[467,"7/29/2018 11:50:47",45.3,43.8,29.8,1222.83,6883.994,2,2.02,1.99,4,7.13,847.3,4.99,7,0.85,0.742,0.406],
[468,"7/29/2018 11:50:48",45.3,43.8,29.8,1251.11,6933.238,2,2.02,1.99,4,7.13,843.6,4.99,7.13,0.85,0.746,0.422],
[469,"7/29/2018 11:50:49",45.3,43.8,29.8,1195.79,6908.616,2,2.02,1.99,4.2,7.29,841.2,4.99,7.13,0.86,0.751,0.433],
[470,"7/29/2018 11:50:50",45.3,43.8,29.8,1201.92,6920.927,2,2.02,1.99,4.3,7.42,837.6,4.99,7.29,0.87,0.756,0.444],
[471,"7/29/2018 11:50:51",45.3,43.8,29.8,1208.12,6918.875,2,2.02,1.99,4.3,7.42,834.1,4.99,7.42,0.88,0.763,0.459],
[472,"7/29/2018 11:50:52",45.3,43.8,29.8,1242.27,6922.979,2,2.02,1.99,4.1,7.48,830.8,4.99,7.42,0.89,0.777,0.458],
[473,"7/29/2018 11:50:53",45.3,43.8,29.8,1216.48,6902.46,2,2.02,1.99,4.4,7.52,828,4.99,7.48,0.91,0.781,0.464],
[474,"7/29/2018 11:50:54",45.3,43.8,29.8,1224.96,6849.112,2,2.02,1.99,4.4,7.43,825.7,4.99,7.52,0.92,0.781,0.482],
[475,"7/29/2018 11:50:55",45.3,43.8,29.8,1276.09,6894.253,2,2.02,1.99,4.7,7.38,824.1,4.99,7.43,0.94,0.784,0.487],
[476,"7/29/2018 11:50:56",45.3,43.8,29.8,1212.28,6818.334,2,2.02,1.99,5.2,7.33,822.6,4.99,7.38,0.95,0.793,0.472],
[477,"7/29/2018 11:50:57",45.3,43.8,29.8,1210.2,6834.749,2,2.02,1.99,5.8,7.3,821.7,4.99,7.33,0.96,0.798,0.46],
[478,"7/29/2018 11:50:58",45.3,43.8,29.8,1273.78,6904.512,2,2.02,1.99,5.8,7.3,820.9,4.99,7.3,0.97,0.792,0.466],
[479,"7/29/2018 11:50:59",45.3,43.8,29.8,1257.83,6832.697,2,2.02,1.99,6.3,7.03,819.9,4.99,7.3,0.98,0.791,0.469],
[480,"7/29/2018 11:51:00",45.3,43.8,29.8,1216.48,6892.201,2,2.02,1.99,6.3,7.03,819.7,4.99,7.03,0.99,0.797,0.444],
[481,"7/29/2018 11:51:01",45.3,43.8,29.8,1229.24,6890.149,2,2.02,1.99,6.6,6.93,820,4.99,7.03,0.99,0.793,0.429],
[482,"7/29/2018 11:51:02",45.3,43.8,29.8,1203.98,6879.89,2,2.02,1.99,7,6.85,820.1,4.99,6.93,0.99,0.783,0.432],
[483,"7/29/2018 11:51:03",45.3,43.8,29.8,1218.59,6873.734,2,2.02,1.99,7.2,6.76,820,4.99,6.85,0.99,0.782,0.418],
[484,"7/29/2018 11:51:04",45.3,43.8,29.8,1260.08,6875.786,2,2.02,1.99,7.5,6.72,820.4,4.99,6.76,0.98,0.782,0.398],
[485,"7/29/2018 11:51:05",45.3,43.8,29.8,1237.9,6920.927,2,2.02,1.99,8.2,6.7,820.6,4.99,6.72,0.98,0.772,0.397],
[486,"7/29/2018 11:51:06",45.3,43.8,29.8,1235.72,6966.068,2,2.02,1.99,8.900001,6.67,820.4,4.99,6.7,0.97,0.765,0.399],
[487,"7/29/2018 11:51:07",45.3,43.8,29.8,1222.83,6982.483,2,2.02,1.99,9.6,6.81,821.5,4.99,6.67,0.96,0.765,0.388],
[488,"7/29/2018 11:51:08",45.3,43.8,29.8,1222.83,7011.209,2,2.02,1.99,10.1,6.8,822.8,4.99,6.81,0.95,0.765,0.385],
[489,"7/29/2018 11:51:09",45.3,43.8,29.8,1257.83,6892.201,2,2.02,1.99,10.7,6.89,824.8,4.99,6.8,0.94,0.758,0.399],
[490,"7/29/2018 11:51:10",45.3,43.8,29.8,1231.39,7009.157,2,2.02,1.99,11.3,6.92,826.6,4.99,6.89,0.94,0.756,0.409],
[491,"7/29/2018 11:51:11",45.3,43.8,29.8,1224.96,7163.047,2,2.02,1.99,12.2,7.08,828.7,4.99,6.92,0.93,0.762,0.405],
[492,"7/29/2018 11:51:12",45.3,43.9,29.8,1276.09,7085.076,2,2.02,1.99,12.2,7.08,832.7,4.99,7.08,0.93,0.764,0.411],
[493,"7/29/2018 11:51:13",45.3,43.9,29.8,1262.34,7189.721,2,2.02,1.99,12.5,7.19,838,4.99,7.08,0.93,0.761,0.43],
[494,"7/29/2018 11:51:14",45.3,43.9,29.8,1257.83,7265.64,2,2.02,1.99,12.6,7.36,843.8,4.99,7.19,0.93,0.763,0.442],
[495,"7/29/2018 11:51:15",45.3,43.9,29.8,1287.77,7253.329,2,2.02,1.99,12.6,7.36,850.7,4.99,7.36,0.94,0.774,0.443],
[496,"7/29/2018 11:51:16",45.3,43.8,29.8,1251.11,7401.063,2,2.02,1.99,13.2,7.49,859.3,4.99,7.36,0.94,0.78,0.451],
[497,"7/29/2018 11:51:17",45.3,43.8,29.8,1273.78,7437.996,2,2.02,1.99,13.2,7.49,868.6,4.99,7.49,0.95,0.778,0.472],
[498,"7/29/2018 11:51:18",45.3,43.8,29.8,1257.83,7487.241,2,2.02,1.99,13,7.73,878.5,4.99,7.49,0.96,0.783,0.485],
[499,"7/29/2018 11:51:19",45.3,43.8,29.8,1299.68,7563.16,2,2.02,1.99,13,7.73,888.8,4.99,7.73,0.97,0.796,0.488],
[500,"7/29/2018 11:51:20",45.3,43.8,29.8,1276.09,7639.079,2,2.02,1.99,12.7,7.76,900.6,4.99,7.73,0.99,0.807,0.493],
[501,"7/29/2018 11:51:21",45.3,43.8,29.8,1311.8,7632.923,2,2.02,1.99,12.6,7.89,912.9,4.99,7.76,1.01,0.812,0.502],
[502,"7/29/2018 11:51:22",45.3,43.8,29.8,1278.41,7768.346,2,2.02,1.99,12.6,7.89,924.2,4.99,7.89,1.02,0.814,0.521],
[503,"7/29/2018 11:51:23",45.3,43.8,29.8,1280.74,7864.783,2,2.02,1.99,12.2,7.97,936.8,4.99,7.89,1.04,0.817,0.538],
[504,"7/29/2018 11:51:24",45.3,43.8,29.8,1271.47,7899.665,2,2.02,1.99,12.1,8.22,949.1,4.99,7.97,1.06,0.827,0.543],
[505,"7/29/2018 11:51:25",45.3,43.8,29.8,1326.65,7780.657,2,2.02,1.99,12.1,8.22,961.4,4.99,8.22,1.09,0.842,0.548],
[506,"7/29/2018 11:51:26",45.3,43.8,29.8,1283.07,7821.694,2,2.02,1.99,12,8.28,971.9,5.07,8.22,1.11,0.855,0.557],
[507,"7/29/2018 11:51:27",45.3,43.8,29.8,1285.42,7953.013,2,2.02,1.99,12,8.08,981.3,5.21,8.28,1.14,0.862,0.566],
[508,"7/29/2018 11:51:28",45.3,43.8,29.8,1362.65,7909.924,2,2.02,1.99,12,8.08,991.4,5.41,8.08,1.16,0.865,0.568],
[509,"7/29/2018 11:51:29",45.3,43.8,29.8,1309.36,8057.658,2,2.02,1.99,12.1,8.04,998.7,5.63,8.08,1.19,0.863,0.57],
[510,"7/29/2018 11:51:30",45.3,43.8,29.8,1316.71,7854.524,2,2.02,1.99,12.1,8.04,1006.7,5.85,8.04,1.21,0.862,0.572],
[511,"7/29/2018 11:51:31",45.3,43.8,29.8,1304.5,8008.414,2,2.02,1.99,12.3,7.89,1013.4,6.09,8.04,1.23,0.867,0.568],
[512,"7/29/2018 11:51:32",45.2,43.8,29.8,1304.5,7983.791,2,2.02,1.99,12.3,7.89,1018.9,6.3,7.89,1.24,0.875,0.548],
[513,"7/29/2018 11:51:33",45.2,43.8,29.8,1339.29,7975.583,2,2.02,1.99,12.6,7.6,1022.3,6.52,7.89,1.26,0.878,0.531],
[514,"7/29/2018 11:51:34",45.2,43.8,29.8,1304.5,7985.843,2,2.02,1.99,12.6,7.6,1026,6.74,7.6,1.27,0.873,0.517],
[515,"7/29/2018 11:51:35",45.2,43.8,29.9,1349.57,7893.509,2,2.02,1.99,12.6,7.54,1028.8,6.95,7.6,1.27,0.86,0.515],
[516,"7/29/2018 11:51:36",45.3,43.8,29.9,1299.68,8127.421,2,2.02,1.99,12.5,7.49,1031.6,7.18,7.54,1.27,0.86,0.505],
[517,"7/29/2018 11:51:37",45.2,43.8,29.9,1354.77,7979.688,2,2.02,1.99,12.5,7.63,1034.7,7.4,7.49,1.27,0.862,0.483],
[518,"7/29/2018 11:51:38",45.3,43.8,29.9,1373.29,8076.125,2,2.02,1.99,12.5,7.63,1035.9,7.62,7.63,1.26,0.853,0.495],
[519,"7/29/2018 11:51:39",45.3,43.8,29.9,1314.25,8012.517,2,2.02,1.99,12.5,7.65,1037.8,7.82,7.63,1.26,0.852,0.506],
[520,"7/29/2018 11:51:40",45.3,43.8,29.9,1299.68,8147.94,2,2.02,1.99,12.3,7.7,1038.3,8.059999,7.65,1.26,0.859,0.494],
[521,"7/29/2018 11:51:41",45.3,43.8,29.9,1329.16,8117.162,2,2.02,1.99,12.1,7.91,1040.6,8.28,7.7,1.26,0.854,0.505],
[522,"7/29/2018 11:51:42",45.3,43.8,29.9,1357.38,8086.384,2,2.02,1.99,12.1,8.03,1042.7,8.53,7.91,1.26,0.851,0.53],
[523,"7/29/2018 11:51:43",45.3,43.8,29.9,1346.98,8020.725,2,2.02,1.99,12.1,8.03,1044.6,8.71,8.03,1.26,0.861,0.542],
[524,"7/29/2018 11:51:44",45.3,43.8,29.9,1316.71,8131.525,2,2.02,1.99,12,8.139999,1046.2,8.94,8.03,1.27,0.872,0.539],
[525,"7/29/2018 11:51:45",45.3,43.8,29.9,1346.98,8191.029,2,2.02,1.99,12,8.15,1048,9.139999,8.14,1.28,0.876,0.548],
[526,"7/29/2018 11:51:46",45.3,43.8,29.9,1306.92,8147.94,2,2.02,1.99,11.5,7.89,1050,9.37,8.15,1.29,0.875,0.565],
[527,"7/29/2018 11:51:47",45.3,43.8,29.9,1321.66,8199.236,2,2.02,1.99,11.5,7.89,1052.6,9.58,7.89,1.31,0.872,0.567],
[528,"7/29/2018 11:51:48",45.3,43.8,29.9,1344.41,8193.081,2,2.02,1.99,11.2,7.85,1055.8,9.83,7.89,1.32,0.872,0.555],
[529,"7/29/2018 11:51:49",45.3,43.8,29.9,1309.36,8168.458,2,2.02,1.99,11.1,7.81,1059.6,10.02,7.85,1.32,0.879,0.534],
[530,"7/29/2018 11:51:50",45.3,43.8,29.9,1314.25,8328.504,2,2.02,1.99,11,7.86,1063.7,10.26,7.81,1.33,0.879,0.522],
[531,"7/29/2018 11:51:51",45.3,43.9,29.9,1321.66,8254.637,2,2.02,1.99,10.9,7.75,1068.1,10.43,7.86,1.33,0.871,0.534],
[532,"7/29/2018 11:51:52",45.3,43.9,29.9,1349.57,8394.163,2,2.02,1.99,10.6,7.68,1073.4,10.49,7.75,1.33,0.868,0.538],
[533,"7/29/2018 11:51:53",45.3,43.9,29.9,1360.01,8433.148,2,2.02,1.99,10.7,7.64,1080.1,10.49,7.68,1.33,0.874,0.515],
[534,"7/29/2018 11:51:54",45.3,43.9,29.9,1319.18,8322.349,2,2.02,1.99,10.4,7.7,1086.6,10.54,7.64,1.33,0.872,0.502],
[535,"7/29/2018 11:51:55",45.3,43.9,29.9,1346.98,8295.674,2,2.02,1.99,10.3,7.82,1092.3,10.55,7.7,1.32,0.86,0.518],
[536,"7/29/2018 11:51:56",45.3,43.8,29.9,1400.65,8377.748,2,2.02,1.99,9.400001,7.95,1098.2,10.55,7.82,1.32,0.867,0.517],
[537,"7/29/2018 11:51:57",45.3,43.8,29.9,1339.29,8437.252,2,2.02,1.99,9.400001,7.95,1104.2,10.55,7.95,1.32,0.874,0.52],
[538,"7/29/2018 11:51:58",45.3,43.8,29.9,1360.01,8414.682,2,2.02,1.99,8.900001,7.92,1109.8,10.55,7.95,1.32,0.87,0.539],
[539,"7/29/2018 11:51:59",45.3,43.8,29.9,1373.29,8412.63,2,2.02,1.99,8.7,7.89,1115.6,10.55,7.92,1.32,0.867,0.552],
[540,"7/29/2018 11:52:00",45.3,43.8,29.9,1344.41,8373.645,2,2.02,1.99,8.2,7.87,1120.4,10.55,7.89,1.33,0.871,0.548],
[541,"7/29/2018 11:52:01",45.3,43.8,29.9,1334.2,8336.711,2,2.02,1.99,7.8,7.84,1123.6,10.55,7.87,1.33,0.877,0.533],
[542,"7/29/2018 11:52:02",45.3,43.8,29.9,1344.41,8488.549,2,2.03,2,6.8,7.95,1125.8,10.55,7.84,1.33,0.879,0.523],
[543,"7/29/2018 11:52:03",45.3,43.8,29.9,1329.16,8299.777,2,2.01,2.01,6.7,7.97,1126.8,10.55,7.95,1.34,0.872,0.539],
[544,"7/29/2018 11:52:04",45.3,43.8,29.9,1334.2,8523.431,2,2.01,2.01,6.7,7.97,1127.1,10.55,7.97,1.34,0.87,0.554],
[545,"7/29/2018 11:52:05",45.3,43.8,29.9,1375.98,8273.104,2,2.02,2.01,6.4,7.94,1127.6,10.55,7.97,1.34,0.879,0.547],
[546,"7/29/2018 11:52:06",45.3,43.8,29.9,1346.98,8307.985,2,2.02,2.01,6.3,7.87,1127.2,10.55,7.94,1.35,0.885,0.535],
[547,"7/29/2018 11:52:07",45.3,43.8,29.9,1321.66,8373.645,2,2.02,2.01,4.9,7.76,1125.1,10.55,7.87,1.35,0.88,0.536],
[548,"7/29/2018 11:52:08",45.3,43.8,29.9,1346.98,8314.141,2,2.02,2.01,4.9,7.76,1122.1,10.55,7.76,1.35,0.871,0.542],
[549,"7/29/2018 11:52:09",45.3,43.9,29.9,1314.25,8252.585,2,2.02,2.01,3.2,7.4,1117.3,10.55,7.76,1.35,0.872,0.53],
[550,"7/29/2018 11:52:10",45.3,43.9,29.9,1309.36,8012.517,2,2.02,2.01,3.2,7.4,1112.5,10.55,7.4,1.35,0.874,0.497],
[551,"7/29/2018 11:52:11",45.3,43.9,29.9,1302.08,8082.28,2,2.02,2.01,2.3,7.15,1105.1,10.55,7.4,1.34,0.862,0.48],
[552,"7/29/2018 11:52:12",45.3,43.9,29.9,1292.51,8135.629,2,2.02,2.01,1.8,7.12,1097.4,10.55,7.15,1.33,0.849,0.473],
[553,"7/29/2018 11:52:13",45.3,43.9,29.9,1290.14,7963.272,2,2.02,2.01,1.8,7.12,1089.2,10.55,7.12,1.31,0.849,0.44],
[554,"7/29/2018 11:52:14",45.3,43.9,29.9,1294.89,7942.754,2,2.02,2.01,1.6,7.03,1080.2,10.55,7.12,1.29,0.834,0.444],
[555,"7/29/2018 11:52:15",45.3,43.9,29.9,1292.51,7926.339,2,2.02,2.01,0.9,7.01,1069.7,10.55,7.03,1.27,0.829,0.438],
[556,"7/29/2018 11:52:16",45.3,43.9,29.9,1299.68,7846.316,2,2.02,2.01,0.4,7.05,1059.2,10.55,7.01,1.25,0.826,0.421],
[557,"7/29/2018 11:52:17",45.3,43.9,29.9,1311.8,7770.397,2,2.02,2.01,-0.5,6.88,1048.1,10.55,7.05,1.23,0.813,0.434],
[558,"7/29/2018 11:52:18",45.3,43.9,29.9,1266.89,7850.42,2,2.02,2.01,-0.5,6.88,1037.8,10.55,6.88,1.21,0.812,0.422],
[559,"7/29/2018 11:52:19",45.3,43.9,29.9,1273.78,7608.301,2,2.02,2.01,-1.4,7.05,1028.3,10.55,6.88,1.19,0.807,0.406],
[560,"7/29/2018 11:52:20",45.3,43.9,29.9,1302.08,7717.049,2,2.02,2.01,-1.4,7.06,1017.8,10.55,7.05,1.16,0.796,0.424],
[561,"7/29/2018 11:52:21",45.4,43.9,29.9,1287.77,7743.724,2,2.02,2.01,-1.4,7.06,1009.6,10.55,7.06,1.15,0.798,0.427],
[562,"7/29/2018 11:52:22",45.4,43.9,29.9,1283.07,7669.856,2,2.02,2.01,-2,6.9,1002.4,10.55,7.06,1.13,0.8,0.421],
[563,"7/29/2018 11:52:23",45.4,43.9,29.9,1266.89,7634.975,2,2.02,2.01,-2,6.9,996,10.55,6.9,1.12,0.79,0.427],
[564,"7/29/2018 11:52:24",45.4,43.9,29.9,1304.5,7694.479,2,2.02,2.01,-2.4,6.64,990.7,10.55,6.9,1.1,0.785,0.421],
[565,"7/29/2018 11:52:25",45.4,43.9,29.9,1329.16,7661.649,2,2.02,2.01,-2.4,6.64,987,10.55,6.64,1.09,0.786,0.396],
[566,"7/29/2018 11:52:26",45.4,43.9,29.9,1302.08,7795.02,2,2.02,2.01,-2.3,6.58,983.9,10.55,6.64,1.07,0.775,0.385],
[567,"7/29/2018 11:52:27",45.4,43.9,29.9,1316.71,7741.671,2,2.02,2.01,-2.3,6.58,982.3,10.55,6.58,1.05,0.764,0.388],
[568,"7/29/2018 11:52:28",45.4,43.9,29.9,1273.78,7698.583,2,2.02,2.01,-2.6,6.57,981.1,10.55,6.58,1.03,0.762,0.378],
[569,"7/29/2018 11:52:29",45.4,43.9,29.9,1336.74,7764.242,2,2.02,2.01,-2.8,6.42,981.6,10.55,6.57,1.01,0.761,0.368],
[570,"7/29/2018 11:52:30",45.4,43.9,29.9,1344.41,7813.487,2,2.02,2.01,-2.8,6.42,984,10.55,6.42,1,0.752,0.365],
[571,"7/29/2018 11:52:31",45.4,43.9,29.9,1287.77,7897.613,2,2.02,2.01,-3.2,6.38,987.1,10.55,6.42,0.98,0.742,0.365],
[572,"7/29/2018 11:52:32",45.4,43.9,29.9,1311.8,7823.746,2,2.02,2.01,-3.3,6.26,990.4,10.55,6.38,0.96,0.739,0.359],
[573,"7/29/2018 11:52:33",45.4,43.9,29.9,1316.71,8061.762,2,2.02,2.01,-4,6.3,994.1,10.55,6.26,0.94,0.735,0.346],
[574,"7/29/2018 11:52:34",45.4,43.9,29.9,1329.16,7959.169,2,2.02,2.01,-4.2,6.23,998.6,10.55,6.3,0.92,0.729,0.343],
[575,"7/29/2018 11:52:35",45.4,43.9,29.9,1321.66,7998.154,2,2.02,2.01,-4.5,6.29,1004.6,10.55,6.23,0.9,0.724,0.341],
[576,"7/29/2018 11:52:36",45.4,43.9,30,1349.57,8022.776,2,2.02,2.01,-4.9,6.28,1011.6,10.55,6.29,0.89,0.72,0.339],
[577,"7/29/2018 11:52:37",45.4,43.9,30,1331.68,8180.77,2,2.02,2.01,-5,6.2,1019.2,10.55,6.28,0.87,0.717,0.34],
[578,"7/29/2018 11:52:38",45.4,43.9,30,1346.98,8252.585,2,2.02,2.01,-4.4,6.28,1028.2,10.55,6.2,0.86,0.713,0.337],
[579,"7/29/2018 11:52:39",45.4,43.9,30,1326.65,8269,2,2.02,2.01,-3.8,6.36,1037.6,10.55,6.28,0.84,0.71,0.336],
[580,"7/29/2018 11:52:40",45.4,43.9,30,1378.68,8227.963,2,2.02,2.01,-3.5,6.38,1047.4,10.55,6.36,0.83,0.707,0.344],
[581,"7/29/2018 11:52:41",45.4,43.9,30,1329.16,8439.305,2,2.02,2.01,-3.4,6.51,1057.4,10.55,6.38,0.82,0.708,0.346],
[582,"7/29/2018 11:52:42",45.4,43.9,30,1357.38,8484.445,2,2.02,2.01,-3.2,6.64,1069.7,10.55,6.51,0.81,0.706,0.358],
[583,"7/29/2018 11:52:43",45.4,43.9,30,1420.45,8523.431,2,2.02,2.01,-2.9,6.61,1082.3,10.55,6.64,0.8,0.71,0.367],
[584,"7/29/2018 11:52:44",45.4,44,30,1339.29,8706.046,2,2.02,2.01,-2.8,6.73,1095.4,10.55,6.61,0.8,0.715,0.369],
[585,"7/29/2018 11:52:45",45.4,44,30,1381.39,8568.571,2,2.02,2.01,-2.7,6.89,1107.4,10.55,6.73,0.8,0.714,0.382],
[586,"7/29/2018 11:52:46",45.4,44,30,1378.68,8693.735,2,2.02,2.03,-2.3,7.05,1119.3,10.55,6.89,0.8,0.719,0.394],
[587,"7/29/2018 11:52:47",45.4,44,30,1370.61,8716.306,2,1.99,2.02,-2.2,7.09,1131.1,10.55,7.05,0.8,0.727,0.405],
[588,"7/29/2018 11:52:48",45.4,44,30,1357.38,8685.527,2,2.01,2,-2.3,7.06,1142.4,10.55,7.09,0.81,0.734,0.419],
[589,"7/29/2018 11:52:49",45.4,44,30,1411.9,8732.721,2,2.01,1.99,-2.5,7.15,1153.2,10.55,7.06,0.82,0.739,0.424],
[590,"7/29/2018 11:52:50",45.4,44,30,1370.61,8812.743,2,2.01,2,-2.7,7.43,1163.7,10.55,7.15,0.83,0.744,0.429],
[591,"7/29/2018 11:52:51",45.4,44,30,1397.86,8882.506,2,2.01,2,-2.7,7.43,1174.2,10.55,7.43,0.84,0.751,0.446],
[592,"7/29/2018 11:52:52",45.4,44,30,1411.9,8767.603,2,2.02,2.01,-2.7,7.45,1182.9,10.55,7.43,0.85,0.76,0.463],
[593,"7/29/2018 11:52:53",45.4,44,30,1373.29,8974.84,2,2.02,2.03,-2.6,7.57,1190.5,10.55,7.45,0.87,0.769,0.468],
[594,"7/29/2018 11:52:54",45.4,44,30,1429.12,8823.002,2,2.02,2.02,-2.8,7.56,1197.8,10.55,7.57,0.89,0.78,0.469],
[595,"7/29/2018 11:52:55",45.5,44,30,1378.68,8864.039,2.01,2.02,1.99,-2.9,7.54,1205.5,10.55,7.56,0.9,0.782,0.484],
[596,"7/29/2018 11:52:56",45.5,44,30.1,1406.25,8864.039,2.02,2.02,2,-3.3,7.52,1212.1,10.55,7.54,0.92,0.784,0.495],
[597,"7/29/2018 11:52:57",45.5,44,30.1,1373.29,8876.351,2.02,2.02,2,-3.3,7.52,1217.4,10.55,7.52,0.94,0.792,0.49],
[598,"7/29/2018 11:52:58",45.5,44,30.1,1409.07,9130.781,2.02,2.01,2,-3.3,7.67,1221.8,10.55,7.52,0.96,0.802,0.478],
[599,"7/29/2018 11:52:59",45.5,43.9,30.1,1406.25,8995.358,2.02,1.99,2.01,-3.1,7.62,1227.9,10.55,7.67,0.97,0.805,0.484],